Adj Close,Volume
2691.52002,1919660000
2681.25,2015440000
2702.199951,2060750000
2709.889893,2095490000
2703.169922,1976220000
2707.800049,1868870000
2716.830078,1893100000
2737.330078,1873960000
2735.290039,1923900000
2755.300049,2020210000
2765.850098,2020190000
2725.360107,2130930000
2704.290039,2323250000
2689.540039,1916960000
2717.550049,1871300000
2719.25,1936120000
2739.5,2031410000
2755.280029,2020550000
2686.889893,2371140000
2700.080078,1952310000
2751.189941,2255990000
2749.560059,2024600000
2753.879883,1941260000
2769.300049,1956710000
2783.98999,1768090000
2797.050049,1803010000
2789.070068,1930820000
2790.449951,2497540000
2809.439941,2066700000
2817.179932,1964780000
2804.350098,2006220000
2825.560059,2276980000
2831.580078,1939320000
2833.949951,2109460000
2756.419922,2262100000
2722.98999,2479150000
2737.899902,2065290000
2781.050049,1867820000
2782.27002,2009500000
2737.409912,2212860000
2748.070068,1986900000
2798.73999,1990380000
2784.669922,1897900000
2745.629883,2189970000
2765.77002,1835540000
2751.719971,1996700000
2701.02002,2363330000
2715.610107,1851810000
2700.969971,1782070000
2667.330078,2359830000
2616.820068,2596000000
2636.050049,1994360000
2643.669922,1986900000
2692.090088,1751060000
2683.870117,1657430000
2698.300049,1769950000
2736.419922,1954180000
2743.060059,1857570000
2730.679932,1669260000
2756.889893,1631160000
2776.790039,1818410000
2781.070068,1896420000
2789.600098,2090120000
2789.189941,1705920000
2791.189941,1954520000
2799.820068,1996750000
2796.139893,1806900000
2780.419922,1650810000
2771.51001,2053190000
2744.790039,1818610000
2761.52002,1744940000
2760.219971,1717650000
2764.649902,1785050000
2735.379883,1786230000
2744.969971,1675970000
2802.51001,2094470000
2820.159912,2094470000
2825.879883,1480600000
2847.540039,2057740000
2869.879883,2071380000
2872.530029,1983630000
2873.540039,2455650000
2864.080078,2062630000
2841.620117,2214380000
2828.22998,2209580000
2814.719971,2227690000
2827.560059,2043740000
2843.25,1649110000
2871.889893,2018000000
2845.060059,2258770000
2863.040039,2209650000
2828.469971,1917050000
2782.310059,2066020000
2783.209961,2220440000
2815.0,1875150000
2823.310059,1753390000
2803.320068,1780140000
2758.899902,1795680000
2746.159912,1875370000
2761.379883,1894510000
2782.919922,1904400000
2796.860107,1641320000
2835.300049,2450090000
2769.189941,2254850000
2773.310059,1919030000
2732.780029,1936400000
2702.560059,1878150000
2701.560059,1847300000
2675.379883,2089320000
2684.870117,1704960000
2643.72998,1972000000
2639.689941,1847050000
2678.719971,1701300000
2631.459961,1982430000
2623.699951,1958250000
2616.47998,2393690000
2629.659912,1625850000
2687.26001,1882490000
2669.189941,1617370000
2686.75,2060450000
2652.889893,2842870000
2688.280029,1710740000
2729.310059,1682590000
2740.48999,1804490000
2773.52002,1859130000
2816.030029,1646380000
2825.77002,1556620000
2834.02002,1639490000
2872.659912,1873710000
2859.810059,1612120000
2802.620117,1765920000
2781.909912,2015410000
2796.919922,1885510000
2762.669922,1946500000
2789.800049,1804380000
2765.110107,1752220000
2826.52002,1882760000
2814.22998,1863670000
2834.429932,2284150000
2858.830078,1665220000
2842.800049,1613240000
2839.959961,1739980000
2764.790039,2367470000
2766.25,2067020000
2756.379883,2301210000
2744.610107,2209790000
2669.23999,2377250000
2693.070068,2601310000
2556.389893,3272990000
2532.409912,3750150000
2357.689941,3987990000
2482.52002,3803050000
2381.050049,3397010000
2492.679932,3134140000
2507.97998,2232470000
2555.199951,1945850000
2523.449951,2074370000
2511.47998,1913320000
2380.429932,2775580000
2341.840088,2385300000
2345.379883,1957230000
2446.060059,2147270000
2467.689941,1888640000
2419.629883,1789230000
2479.850098,1852130000
2562.110107,1615510000
2576.110107,1871800000
2579.459961,1995490000
2546.040039,1742440000
2480.330078,1571530000
2473.830078,1737170000
2548.939941,1791480000
2529.139893,1979990000
2467.98999,2054190000
2495.090088,1980350000
2532.149902,1931390000
2572.550049,2323770000
2607.070068,1967730000
2622.310059,2703730000
2612.830078,1891770000
2590.23999,1914990000
2538.189941,2172030000
2455.669922,2919330000
2483.22998,1975200000
2516.689941,1982710000
2546.830078,2095620000
2491.580078,1929310000
2480.76001,2290370000
2415.399902,2041370000
2335.830078,2547690000
2404.820068,3040940000
2460.51001,2472400000
2506.820068,2249140000
2479.350098,2084900000
2566.050049,1574750000
2583.030029,1661400000
2604.72998,1967190000
2620.23999,1675220000
2667.850098,1664350000
2614.919922,1675210000
2657.429932,1931690000
2604.040039,1980180000
2598.620117,2040180000
2637.459961,2019950000
2699.439941,1884450000
2638.419922,1777770000
2650.669922,2118650000
2738.629883,2810680000
2737.149902,1838530000
2684.409912,1772560000
2606.959961,2294220000
2639.97998,1921790000
2697.969971,2106240000
2686.149902,1930750000
2695.25,1712700000
2727.48999,1850270000
2621.649902,2144160000
2625.149902,1892390000
2678.75,1602640000
2657.219971,1401710000
2686.199951,1706960000
2639.610107,1950030000
2587.98999,2197320000
2572.5,1755360000
2523.139893,2048520000
2521.280029,1792060000
2460.080078,1707770000
2441.51001,691750000
2527.340088,1626060000
2515.51001,1623550000
2620.340088,2440960000
2626.199951,1826860000
2626.929932,1662730000
2655.76001,1686660000
2649.560059,1491130000
2649.209961,1658010000
2596.379883,1845640000
2646.850098,1664710000
2612.26001,1572600000
2579.27002,1752320000
2539.310059,1793960000
2541.01001,1748400000
2555.330078,2664690000
2523.139893,1560110000
2603.72998,1835720000
2577.969971,1853710000
2599.449951,1515610000
2618.639893,960940000
2625.199951,945590000
2589.97998,1069930000
2613.73999,1011380000
2605.149902,1056790000
2648.719971,1636850000
2648.360107,1670530000
2669.860107,1836410000
2674.219971,1683090000
2676.560059,1768080000
2702.5,1809500000
2710.76001,1699660000
2724.699951,1669550000
2710.669922,1655960000
2728.080078,1664210000
2769.709961,1968940000
2788.330078,1959950000
2786.699951,1949660000
2784.169922,1652940000
2786.639893,1620690000
2818.310059,1918040000
2805.280029,1998970000
2816.550049,1707350000
2811.939941,1668970000
2813.840088,1786550000
2848.27002,2125720000
2859.679932,1913430000
2905.659912,2152890000
2901.98999,1684490000
2904.080078,1784580000
2915.860107,1981150000
2927.22998,2153090000
2903.879883,1787640000
2931.389893,1619980000
2931.830078,1881630000
2915.830078,2038980000
2959.850098,1945230000
2951.780029,1973900000
2948.570068,1821540000
2933.169922,1706310000
2956.97998,1768390000
2963.75,1643180000
2966.159912,1763650000
2986.76001,1812490000
2966.889893,2170190000
2988.969971,1903690000
2976.189941,1755130000
2950.47998,1679030000
2910.320068,1870720000
2935.689941,1589360000
2970.419922,1619740000
2988.340088,1580560000
2983.659912,1341660000
3039.879883,1709900000
3040.72998,1662300000
3056.370117,1677540000
3055.26001,2088610000
3078.320068,1548400000
3074.149902,1508580000
3075.320068,1552400000
3063.320068,1524800000
3067.919922,1428940000
3122.570068,1627520000
3120.350098,1662460000
3104.959961,1765680000
3095.360107,1756160000
3091.570068,1833130000
3119.699951,1768210000
3113.570068,1804950000
3068.090088,1813150000
3080.5,1548040000
3047.080078,1371140000
2991.219971,1953600000
3016.459961,1540890000
3055.550049,1480340000
3011.330078,1483850000
2988.399902,1594320000
3042.820068,1555070000
3031.449951,1599470000
3007.560059,1991120000
3000.449951,1935880000
2970.449951,1767360000
2961.600098,1690840000
3029.629883,1721330000
3050.610107,1763510000
3069.199951,1777750000
3046.360107,1633170000
3050.439941,1854230000
3059.850098,1825190000
3024.300049,1869130000
2956.340088,1944010000
2957.76001,1740430000
2946.27002,2175840000
2934.709961,2047090000
2933.639893,2004150000
2933.820068,1735380000
2902.580078,1683460000
2893.76001,1826210000
2874.040039,1933900000
2813.689941,2016980000
2778.790039,2692450000
2847.209961,1870420000
2839.080078,1861850000
2850.120117,1929640000
2839.379883,1750290000
2837.530029,1282680000
2870.98999,221430000
2837.360107,1671040000
2827.340088,2180130000
2747.47998,1966370000
2760.01001,1755750000
2778.110107,1625600000
2844.719971,1761050000
2831.02002,1655370000
2858.419922,1390260000
2809.72998,1480220000
2843.070068,1594310000
2818.610107,1602080000
2836.330078,1633370000
2872.800049,2020100000
2895.330078,1586190000
2929.76001,1835480000
2930.449951,1563080000
2859.090088,1822200000
2892.419922,3544010000
2836.159912,1514430000
2854.060059,1623160000
2875.320068,1668580000
2849.48999,1795850000
2935.050049,2021190000
2951.22998,1845240000
2976.080078,1009330000
2976.120117,1423990000
2937.330078,1437420000
2931.77002,1455500000
2902.330078,1725730000
2887.97998,1635120000
2866.189941,1719460000
2908.469971,1373620000
2896.939941,1414470000
2910.040039,1774160000
2942.600098,1817040000
2965.899902,1735920000
2925.300049,1810420000
2890.149902,1607140000
2862.98999,1748410000
2854.23999,1784150000
2893.25,1981520000
2958.090088,2102610000
2945.840088,1483990000
2939.52002,1801440000
2920.209961,1722530000
2909.77002,1822620000
2967.899902,1730210000
2989.909912,1528260000
3015.860107,1899240000
3011.25,1874580000
3018.639893,1677970000
3020.860107,1556460000
3022.52002,1353380000
3016.97998,1567830000
3030.929932,1536730000
3062.389893,1937430000
3076.590088,1640640000
3076.209961,1451550000
3067.26001,1574220000
3073.669922,1459130000
3053.399902,1383860000
3069.790039,1349740000
3073.189941,1383530000
3077.139893,1364740000
3081.189941,1282900000
3048.709961,1216640000
3066.959961,1394760000
3075.060059,1505960000
3069.27002,1495030000
3135.810059,1918900000
3136.419922,1740640000
3104.02002,1575370000
3104.530029,1586250000
3114.310059,1689140000
3155.830078,1870050000
3183.949951,1984720000
3178.669922,1485390000
3177.800049,1707200000
3182.620117,1850920000
3175.959961,1809130000
3179.959961,2526250000
3160.780029,1704860000
3117.72998,1975470000
3093.699951,1738010000
3136.600098,1691800000
3116.22998,1864640000
3113.530029,1758170000
3120.040039,1609570000
3135.22998,1704050000
3149.459961,1585190000
3136.189941,1607940000
3112.350098,1186260000
3065.02002,1645740000
3051.780029,1788970000
3049.409912,1595020000
3044.110107,1524840000
3064.179932,1563440000
3101.169922,1736930000
3104.120117,1770920000
3072.870117,2043290000
3005.620117,2225580000
3016.959961,1654130000
2990.459961,1830840000
2981.699951,1967000000
2986.120117,1922660000
2987.949951,1839700000
2977.22998,1806780000
3020.060059,1880140000
2982.129883,1834590000
2999.659912,1496210000
3011.929932,1782430000
2937.290039,2059690000
2895.580078,1876420000
2904.870117,1802580000
2904.25,1379240000
2883.889893,1816260000
2846.810059,2106590000
2836.939941,2010300000
2853.129883,2187730000
2916.070068,1767240000
2916.679932,1588750000
2926.550049,1430060000
2966.850098,792750000
2976.780029,1641710000
2967.790039,1763320000
2991.780029,1725550000
3012.030029,1758440000
3010.23999,2194240000
3002.199951,1667330000
2996.689941,1781760000
2973.699951,1800820000
2989.27002,1713460000
2978.040039,1613570000
2986.959961,1528430000
3022.300049,1921860000
3013.810059,1756220000
2992.159912,1833990000
2971.330078,1786980000
3010.600098,1911420000
3054.530029,2022130000
3044.360107,1933270000
3050.389893,1691190000
3021.01001,2843090000
3012.600098,614230000
2990.159912,1059190000
2985.909912,1342790000
2960.310059,1143530000
3019.51001,1557230000
3112.26001,2111300000
3100.570068,1769420000
3101.659912,1745140000
3098.810059,1702540000
3091.810059,1744380000
3105.810059,1732510000
3121.76001,1754240000
3125.629883,1772600000
3117.5,1876050000
3110.780029,1852870000
3117.540039,1692380000
3136.0,1766510000
3134.709961,1860070000
3143.179932,1790730000
3153.669922,1698190000
3130.379883,2046990000
3149.709961,1920250000
3154.300049,1935590000
3153.659912,2050670000
3142.310059,2014350000
3142.129883,2190840000
3179.100098,2012930000
3131.169922,1874750000
3171.580078,2150080000
3168.47998,2002740000
3165.129883,1955960000
3193.870117,1816480000
3192.0,1551370000
3186.48999,1786800000
3196.879883,1822450000
3198.659912,1924900000
3192.030029,1858670000
3213.590088,1843840000
3164.409912,2001800000
3131.48999,2052630000
3161.820068,1581500000
3116.25,1930990000
3129.649902,1847750000
3162.26001,1727260000
3160.189941,2022530000
3169.73999,1870250000
3182.030029,1718290000
3224.129883,1891510000
3222.370117,1764020000
3232.090088,1675640000
3244.370117,1611700000
3252.870117,1628500000
3242.320068,1673740000
3245.120117,1577280000
3258.929932,1651650000
3249.070068,2305230000
3237.590088,1550510000
3229.100098,1690680000
3254.189941,1599120000
3222.600098,1692260000
3245.0,1681360000
3235.300049,1666010000
3252.47998,1444500000
3256.52002,1420130000
3267.52002,1636800000
3239.169922,1481360000
3254.860107,1580800000
3218.600098,1813910000
3224.97998,1475720000
3203.860107,1594090000
3222.25,1323520000
3237.860107,1498130000
3297.25,1769870000
3300.159912,1829170000
3294.949951,1471180000
3216.48999,1779320000
3264.629883,1515400000
3204.669922,1902730000
3166.360107,1766000000
3206.060059,1738850000
3233.550049,1628340000
3269.330078,1684770000
3269.649902,1738590000
3289.98999,2012230000
3279.26001,1721970000
3307.02002,1594110000
3328.790039,1984270000
3299.129883,1884600000
3340.620117,1757480000
3378.629883,1745570000
3392.969971,1500410000
3396.629883,1709800000
3413.27002,1756400000
3409.169922,1826220000
3436.580078,1689730000
3438.790039,1615510000
3462.610107,1820520000
3471.620117,1843910000
3465.23999,1945760000
3498.969971,1828610000
3496.429932,1745260000
3502.120117,1776780000
3463.300049,2179330000
3459.419922,1820670000
3459.139893,1449210000
3488.889893,1748070000
3467.52002,1794650000
3491.300049,1737320000
3455.909912,1968270000
3465.370117,2054100000
3445.26001,1871640000
3401.47998,1813890000
3424.050049,1802700000
3469.219971,1646810000
3473.77002,1556520000
3436.949951,1560370000
3400.429932,1630200000
3445.360107,1584740000
3423.560059,1458030000
3452.129883,1581830000
3482.179932,1675090000
3443.199951,1649200000
3364.639893,2041500000
3357.25,2921900000
3320.76001,2030960000
3347.889893,1657280000
3376.219971,1671280000
3401.860107,1689800000
3403.25,3630410000
3434.48999,1586750000
3433.399902,1685190000
3443.669922,935980000
3479.379883,1254400000
3484.830078,1521720000
3504.26001,1633520000
3520.76001,1567340000
3578.300049,1744210000
3600.080078,1615820000
3607.48999,1449130000
3598.5,1590540000
3610.0,1564340000
3611.280029,1719390000
3587.610107,1785460000
3600.389893,1507010000
3579.27002,1620350000
3579.600098,1856660000
3605.189941,2203970000
3613.159912,1796060000
3599.139893,1545720000
3616.469971,1763580000
3626.370117,1942380000
3675.73999,1863290000
3689.590088,1683270000
3692.949951,1471860000
3665.77002,1444200000
3654.01001,1659780000
3669.120117,1702950000
3660.110107,1546570000
3669.949951,1422420000
3684.439941,1644730000
3669.27002,1589370000
3606.120117,1742510000
3602.780029,1520430000
3589.090088,1381050000
3613.590088,1308280000
3599.790039,1438510000
3638.709961,927400000
3657.790039,1499890000
3657.570068,1404230000
3578.52002,1640040000
3593.350098,1370650000
3620.300049,1344900000
3589.870117,1328320000
3612.610107,1628810000
3649.040039,1855980000
3658.780029,1550180000
3660.01001,1647310000
3706.179932,1664290000
3729.02002,1842570000
3725.01001,1722380000
3715.969971,1653860000
3722.179932,1460190000
3717.850098,1542500000
3745.699951,1338800000
3783.639893,1828820000
3789.379883,1775980000
3774.72998,2711270000
3765.290039,1728620000
3768.25,1810950000
3761.100098,1821790000
3787.429932,1817960000
3781.590088,1699720000
3771.47998,1895760000
3817.97998,1843320000
3815.02002,1792980000
3774.340088,1884340000
3807.75,1549600000
3770.379883,1475990000
3694.830078,2087580000
3677.780029,2242700000
3760.75,1902410000
3791.870117,1750350000
3815.280029,1455160000
3794.01001,1745560000
3839.429932,1744000000
3863.149902,1975140000
3914.280029,1943090000
3920.050049,1674470000
3929.570068,1890500000
3907.070068,1915030000
3928.959961,2054350000
3943.360107,2225780000
3940.129883,1904810000
3952.340088,1897380000
3930.620117,1923000000
3919.709961,2139650000
3922.040039,1949460000
3936.590088,1817880000
3939.860107,1934630000
3931.949951,2020160000
3857.330078,2303320000
3919.22998,1981740000
3919.790039,1595340000
3919.919922,1776860000
3965.580078,1827220000
3972.73999,1965350000
3985.969971,1899150000
3949.070068,1829870000
3931.550049,1747840000
3921.27002,1721160000
3969.159912,1684250000
3991.649902,1730280000
3994.570068,1795760000
4017.75,1907680000
4044.75,1477020000
4059.889893,853500000
4045.26001,1680380000
4037.199951,1875010000
4038.0,1886970000
4033.169922,1880950000
4062.52002,1727130000
4068.75,1717120000
4060.48999,1864860000
4003.810059,1923520000
3998.399902,1893270000
4000.97998,1615340000
4029.52002,1943830000
4023.679932,1861130000
4070.060059,2178330000
4058.139893,1813050000
4104.740234,3510420000
4148.899902,1779400000
4155.419922,802270000
4167.180176,1180670000
4156.589844,1255020000
4154.200195,1349470000
4176.589844,1401140000
4143.069824,1738820000
4131.910156,1667480000
4113.680176,2292840000
4153.180176,2278220000
4165.609863,2345220000
4156.189941,2214770000
4174.669922,2143070000
4113.299805,2322240000
4183.02002,2034180000
4214.879883,2101870000
4218.689941,2005850000
4197.580078,2150370000
4225.759766,2034030000
4243.0,2026910000
4218.879883,2191980000
4128.169922,2489470000
4083.610107,2398280000
4097.959961,2091180000
4051.429932,2231850000
4123.129883,2168410000
4103.879883,2300570000
3996.959961,2617030000
4031.52002,2173360000
4011.550049,2168360000
4057.120117,1942700000
4125.859863,2055850000
4148.169922,1811970000
4191.049805,1993950000
4201.290039,2035890000
4240.669922,2249990000
4244.02002,1881510000
4272.779785,1886210000
4237.950195,1956720000
4267.549805,1992780000
4263.410156,2138250000
4292.970215,2161300000
4287.589844,2137150000
4292.060059,2108270000
4318.930176,2049160000
4308.120117,2617730000
4277.299805,2077500000
4351.970215,2477850000
4357.970215,2215980000
4352.129883,2136260000
4336.220215,2175560000
4334.450195,2111610000
4307.189941,2477780000
4323.330078,2131880000
4260.419922,2383600000
4245.399902,2196890000
4279.950195,1810410000
4333.310059,1962890000
4307.600098,1992750000
4319.290039,1847270000
4276.790039,3245740000
4226.390137,2434650000
4234.27002,2270760000
4173.580078,2455460000
4151.22998,2270650000
4155.759766,2029840000
4198.990234,2090850000
4268.040039,2153130000
4276.459961,2187100000
4237.740234,2067370000
4127.72998,2621270000
4079.75,2554680000
4112.990234,2198900000
4183.899902,1957560000
4054.110107,2421210000
3999.72998,2264480000
4022.689941,1890480000
4034.159912,2413110000
4086.22998,1863110000
4095.52002,1954720000
4121.549805,1544440000
4161.459961,1875930000
4126.970215,1794760000
4148.339844,2130870000
4075.560059,2087140000
4074.399902,2348320000
4103.540039,1911240000
4114.560059,2151400000
4127.450195,2077040000
4123.899902,1844790000
4138.060059,1561170000
4080.76001,1850610000
4067.669922,2486030000
4051.5,2411940000
4071.870117,1976160000
4143.859863,1880020000
4130.169922,1923480000
4100.629883,1764430000
4069.290039,2083030000
4090.590088,1741070000
4125.810059,1601400000
4096.890137,1797910000
4131.540039,1703500000
4154.339844,1835810000
4185.810059,1536610000
4237.069824,1812330000
4225.080078,1785140000
4247.950195,1714000000
4242.620117,1903660000
4237.200195,1631310000
4234.080078,1718640000
4251.640137,1610090000
4296.22998,1926750000
4321.399902,1616650000
4336.240234,1783060000
4338.0,1787120000
4331.930176,1778460000
4297.629883,1908190000
4310.649902,1754560000
4321.100098,1675120000
4337.22998,1814360000
4362.839844,1860660000
4359.330078,1845460000
4368.040039,2721380000
4368.680176,1712930000
4350.350098,2014700000
4379.759766,1722820000
4379.049805,1554070000
4397.930176,3964930000
4408.180176,1848110000
4458.649902,1942550000
4457.72998,1599480000
4485.930176,1001730000
4451.529785,1691390000
4391.459961,2221820000
4419.029785,1736960000
4396.200195,1682920000
4415.490234,1511250000
4440.419922,1579660000
4416.390137,1772030000
4425.970215,2059340000
4363.450195,2055240000
4432.149902,1823580000
4424.700195,1557820000
4456.02002,1724440000
4473.700195,1909810000
4472.109863,1935090000
4449.560059,1711430000
4444.910156,1783250000
4442.700195,2090810000
4462.899902,1872430000
4369.77002,2273380000
4352.640137,2050340000
4383.890137,1677400000
4352.839844,1916180000
4355.049805,1819310000
4334.970215,1866330000
4370.899902,1759060000
4401.330078,1537880000
4389.25,1560220000
4434.129883,1611690000
4453.0,1549820000
4464.930176,1799460000
4508.310059,1571100000
4527.509766,1556560000
4526.47998,1502290000
4532.100098,1421730000
4538.549805,1311810000
4557.350098,1384620000
4570.640137,1469620000
4569.620117,1389470000
4557.700195,1309580000
4580.27002,1352830000
4598.189941,1859080000
4572.560059,1897450000
4562.290039,1728700000
4582.899902,1641830000
4592.290039,1670210000
4552.290039,1956550000
4586.52002,1808650000
4591.810059,1704850000
4567.600098,1784170000
4518.899902,1940520000
4552.759766,1879350000
4562.189941,1796710000
4593.430176,1774840000
4579.790039,3178490000
4527.689941,1881520000
4508.689941,1847730000
4555.220215,1765260000
4466.75,1939610000
4512.189941,1637480000
4505.850098,1737750000
4493.390137,2200380000
4422.089844,2312630000
4430.200195,2165500000
4475.620117,1777640000
4454.799805,1828240000
4385.200195,2111360000
4468.589844,2451630000
4378.339844,2264220000
4276.240234,2765750000
4213.660156,2467830000
4227.169922,2496120000
4215.319824,3058740000
4217.390137,2591940000
4258.439941,2260070000
4316.069824,1717370000
4419.47998,1997580000
4382.850098,1967020000
4452.790039,1952380000
4483.720215,1754300000
4485.930176,1585580000
4564.290039,1966920000
4549.22998,2184050000
4566.140137,2034960000
4630.740234,2424360000
4638.910156,2033000000
4623.640137,1939320000
4620.720215,2001870000
4638.470215,1986820000
4632.529785,1978830000
4651.620117,1830010000
4660.560059,1663690000
4675.140137,1773060000
4680.140137,1857580000
4688.540039,1739950000
4671.0,1695070000
4702.439941,1655760000
4675.709961,1641560000
4701.870117,1667330000
4712.970215,1854340000
4754.890137,1568130000
4758.25,1720140000
4787.319824,1362930000
4791.629883,998600000
4727.350098,1893600000
4755.810059,1839170000
4774.470215,1734510000
4769.439941,1724090000
4780.759766,1767100000
4740.689941,1966770000
4766.470215,1950330000
4684.02002,1850810000
4708.160156,1873050000
4653.600098,1888870000
4605.160156,2143610000
4547.830078,2231670000
4644.310059,2279930000
4748.399902,2172260000
4765.379883,3287920000
4781.419922,1720070000
4765.419922,1590820000
4773.470215,729750000
4806.859863,930220000
4806.910156,1227740000
4777.439941,1269200000
4736.049805,1515600000
4726.810059,1435150000
4652.569824,1794470000
4592.740234,2167320000
4650.470215,1957950000
4736.189941,2105450000
4704.069824,1715830000
4664.709961,1861960000
4661.5,2162180000
4639.319824,2073810000
4570.819824,1976260000
4634.379883,1970520000
4654.850098,1835040000
4667.419922,1847420000
4750.399902,1996550000
4757.879883,1653830000
4771.759766,1717510000
4681.5,1954160000
4637.990234,2118680000
4683.410156,2110710000
4635.240234,2264230000
4676.689941,2006450000
4727.740234,2153520000
4716.700195,2212960000
4765.100098,2036590000
4744.399902,2034060000
4726.009766,1654680000
4787.640137,1773730000
4801.180176,1793630000
4857.609863,2075470000
4893.839844,1942240000
4899.27002,1751490000
4906.359863,1684800000
4924.700195,1592890000
4955.970215,1761140000
4960.970215,1754850000
4968.120117,1834890000
4967.140137,1848560000
4987.890137,1905550000
4963.529785,1955590000
5008.100098,1931110000
4979.899902,2018900000
4967.140137,1824830000
4982.810059,1724200000
4927.370117,1918220000
4942.439941,1696510000
4859.790039,1876010000
4849.939941,1846020000
4893.290039,1855110000
4871.759766,1851410000
4929.509766,1713480000
4937.430176,1724370000
4982.830078,1983570000
4992.379883,1674970000
5026.419922,2825670000
5010.970215,1608880000
4994.72998,1611670000
4876.52002,2219520000
4863.359863,2004960000
4891.220215,1678650000
4947.439941,1778520000
4900.879883,1837660000
4880.22998,1874960000
4886.939941,1563670000
4917.319824,1737560000
4910.22998,1572940000
4950.819824,1714210000
4974.560059,1729750000
4995.97998,1494240000
4988.25,1544190000
4977.290039,1571360000
5011.02002,1795530000
5007.790039,1662850000
4931.810059,1985190000
4994.600098,1646340000
5014.100098,1721260000
5035.169922,1696380000
5056.060059,1858620000
5092.080078,1895150000
5060.25,2172470000
5055.419922,2032500000
5023.640137,1871300000
4941.419922,2269290000
5005.390137,1854400000
5016.930176,1668200000
4939.330078,2069490000
4919.640137,2144620000
4945.540039,2042960000
5003.549805,1978760000
4993.569824,1731390000
4976.189941,1705870000
4981.689941,1672260000
5050.799805,1741970000
5048.290039,1667260000
5078.439941,1643870000
5070.029785,1750980000
5071.740234,1786830000
5090.790039,1683670000
5089.359863,1544920000
5032.75,1731950000
5106.589844,1809550000
5097.97998,1741420000
5070.029785,2024170000
5082.930176,1902120000
5076.52002,1729750000
5099.22998,1852680000
5059.120117,1813960000
5068.459961,1842890000
5021.629883,1712210000
5013.870117,1754340000
5076.689941,1792980000
5082.509766,1623950000
5051.100098,1428900000
5029.970215,1790280000
5055.549805,1654820000
5064.879883,1712820000
5132.950195,1877920000
5117.0,2468310000
5153.970215,1619970000
5160.089844,1613540000
5122.410156,1628800000
5112.189941,1614760000
5080.509766,3843810000
4958.470215,2025580000
4986.870117,2034430000
5013.120117,1814560000
5009.209961,1490810000
4991.939941,1741500000
4997.459961,2132080000
4909.759766,1931520000
4922.399902,1861600000
4997.700195,1590230000
5071.509766,1694140000
5104.890137,1682660000
5098.939941,1691350000
5163.180176,1823530000
5210.140137,1854450000
5218.859863,1814180000
5208.120117,1774570000
5171.77002,2035730000
5146.410156,2003310000
5088.629883,2004380000
5039.779785,1942520000
5089.209961,2025110000
5111.72998,1890350000
5128.779785,1908480000
5128.279785,1926360000
5115.379883,1790080000
5105.549805,1819700000
5139.939941,2041490000
5056.439941,2290950000
5043.540039,2008360000
5101.799805,1784930000
5036.790039,1912340000
5044.390137,2089460000
5033.560059,1632340000
5048.240234,1487630000
5091.700195,1510790000
5059.350098,1501540000
5019.049805,1785420000
4877.490234,2087000000
4706.040039,2768540000
4526.25,3508840000
4506.490234,2612800000
4697.540039,2631660000
4812.709961,2368880000
4828.319824,1936540000
4776.509766,1839010000
4636.100098,2253750000
4749.97998,1929080000
4733.5,1803320000
4683.919922,1574720000
4811.930176,1765600000
4756.529785,1963750000
4796.25,1845770000
4822.339844,1686190000
4805.759766,1467740000
4860.52002,1587460000
4889.240234,1666380000
4893.950195,1891510000
4827.22998,3272150000
4828.950195,2021530000
4756.720215,2042880000
4752.740234,1606330000
4734.47998,1995820000
4686.5,2050530000
4543.970215,2387610000
4517.319824,2293450000
4620.160156,2398350000
4627.080078,2133990000
4707.779785,2183320000
4781.259766,2005320000
4748.359863,2085020000
4791.149902,2149890000
4810.790039,1984230000
4830.470215,1804260000
4838.640137,1343820000
4796.609863,1565060000
4782.850098,1902460000
4870.100098,1942900000
4886.689941,1855290000
4905.470215,1619920000
4880.970215,1711700000
4840.120117,1895390000
4920.049805,2156040000
5031.859863,2178270000
5034.700195,1758690000
5030.149902,1986840000
5095.689941,2141130000
5074.27002,1928310000
5053.75,2016390000
5127.149902,1888180000
5145.129883,2028630000
5142.47998,2096110000
5127.740234,2054490000
5147.120117,2066430000
5095.299805,1850770000
5083.240234,1906120000
5067.02002,1672340000
5005.080078,1820930000
4927.879883,2001050000
4984.620117,1819190000
4986.02002,1861710000
5075.200195,2017390000
5073.640137,1794110000
5104.919922,1766630000
5102.47998,1668280000
5102.810059,1956920000
5116.140137,1539300000
5127.52002,781730000
5108.669922,2244550000
5156.310059,2035570000
5123.220215,2060340000
5037.529785,2088100000
5142.27002,1897490000
5101.810059,1952690000
5098.240234,1871450000
5022.870117,2003450000
5045.169922,1746520000
4933.470215,2084950000
4952.22998,2216060000
4995.359863,2054710000
5071.129883,2036610000
5002.549805,1897220000
4923.080078,3765210000
4968.919922,1673400000
5001.109863,1556670000
5045.930176,1591490000
5048.490234,706880000
5040.990234,1310650000
5107.939941,1383470000
5065.850098,1247530000
5007.410156,1437480000
4903.089844,2218420000
4891.430176,1927380000
4835.759766,2168620000
4689.430176,2552590000
4643.629883,2288750000
4637.990234,2391110000
4685.919922,2147470000
4526.060059,2533200000
4615.0,2565560000
4488.419922,2818630000
4476.950195,2394550000
4471.689941,3204130000
4472.060059,2447750000
4591.180176,2153340000
4518.490234,2028880000
4567.669922,1981180000
4468.169922,2115710000
4506.680176,2322310000
4613.950195,2617550000
4620.370117,1983340000
4516.950195,2185180000
4504.240234,2466190000
4509.560059,2200930000
4363.140137,2489280000
4283.75,2702070000
4268.759766,2465790000
4283.589844,2448380000
4266.839844,2812330000
4337.509766,1983190000
4435.959961,2117920000
4534.060059,2296440000
4487.540039,1955870000
4504.430176,1903770000
4570.609863,1794020000
4503.580078,1777750000
4542.609863,1978180000
4582.200195,1667840000
4590.470215,1814920000
4557.950195,2065260000
4689.600098,2080150000
4703.419922,1912510000
4707.419922,1936290000
4717.02002,2171230000
4708.25,2084390000
4648.819824,1993060000
4674.379883,1789550000
4662.160156,1936470000
4748.470215,1801790000
4750.279785,1615100000
4728.669922,1692420000
4763.970215,1781060000
4774.990234,1907190000
4795.649902,2829040000
4808.870117,1609230000
4821.660156,1596200000
4768.859863,1732630000
4773.5,1590990000
4766.790039,1381000000
4846.620117,1806490000
4869.290039,1717820000
4869.850098,1774270000
4914.540039,1812250000
4891.799805,1705730000
4843.930176,1726010000
4920.720215,1761770000
4848.370117,1908940000
4850.689941,1588830000
4833.399902,1545540000
4872.089844,1759280000
4947.419922,1936450000
4945.890137,1645810000
4938.220215,1684790000
4960.02002,1672260000
4940.330078,1824250000
4948.129883,1781340000
4945.890137,1758190000
4906.22998,2018930000
4895.790039,1582270000
4888.279785,1825020000
4863.140137,1938780000
4805.290039,2161400000
4775.359863,2376460000
4817.589844,1880460000
4763.220215,1984340000
4725.640137,1950800000
4717.089844,1888350000
4736.160156,1860800000
4750.209961,1625100000
4809.879883,1760120000
4760.689941,1859110000
4737.330078,1930450000
4717.680176,1698030000
4775.459961,1741510000
4715.72998,1925230000
4739.120117,1934100000
4712.529785,1805890000
4769.560059,1970520000
4765.779785,1865110000
4861.060059,1942280000
4894.890137,1784420000
4901.77002,1606250000
4933.5,1505020000
4948.049805,2285350000
4952.25,1797090000
4971.359863,1729050000
4942.52002,1697840000
4968.709961,1663840000
4961.75,1747760000
4974.640137,1692640000
4958.620117,1632340000
4894.549805,1822200000
4848.439941,1888300000
4843.549805,1919710000
4834.930176,1802200000
4844.919922,1851770000
4800.339844,2638220000
4837.209961,1779560000
4843.759766,1698080000
4833.319824,1682220000
4910.040039,1738570000
4707.97998,4411040000
4594.439941,2659650000
4691.870117,2074090000
4779.25,2116550000
4842.669922,2171180000
4862.569824,1745130000
4822.899902,1690340000
4859.160156,1876090000
4876.810059,1672770000
4956.759766,1947260000
4988.640137,1718450000
5022.819824,1866280000
5005.72998,1650820000
5034.060059,1641170000
5029.589844,1610300000
5055.779785,1585570000
5036.370117,1694740000
5089.930176,1877330000
5073.899902,1880310000
5100.160156,1639000000
5097.629883,1770620000
5110.049805,2038060000
5139.810059,2122250000
5154.97998,1950910000
5162.129883,2072640000
5184.200195,1866590000
5137.72998,2142010000
5159.740234,1909470000
5166.25,1930000000
5221.120117,2017720000
5213.140137,1624450000
5225.47998,1664320000
5204.580078,1651240000
5228.399902,1511670000
5232.890137,1501620000
5262.02002,1533170000
5227.109863,1698390000
5228.660156,1747890000
5240.149902,1659080000
5238.379883,1632740000
5244.600098,1560210000
5260.080078,1547050000
5217.689941,1714780000
5212.200195,1511890000
5218.919922,1591060000
5232.330078,1416640000
5222.990234,1561020000
5213.220215,1761770000
5227.209961,1592520000
5249.899902,1474200000
5275.910156,1777940000
5283.930176,1878460000
5259.47998,1839790000
5125.910156,2208690000
5211.890137,2007610000
5155.25,2071460000
5173.77002,1902680000
5249.689941,1950940000
5244.569824,3013860000
5235.029785,1791120000
5241.350098,1695190000
5295.180176,1999690000
5339.52002,1882100000
5305.75,1761330000
5257.490234,1669520000
5305.709961,1751060000
5318.549805,1785470000
5269.149902,1941170000
5312.0,2059800000
5300.870117,1604060000
5289.660156,1708990000
5316.02002,1753340000
5306.850098,1654020000
5292.399902,1646650000
5328.669922,1364150000
5246.790039,1821680000
5239.02002,1565940000
5213.330078,1735310000
5214.160156,1594480000
5199.819824,1424270000
5243.839844,1474430000
5246.410156,1546960000
5241.830078,1741820000
5257.399902,1649470000
5309.830078,1531970000
5283.399902,1579490000
5250.27002,1725900000
5215.970215,1918690000
5190.100098,1895970000
5189.140137,1707260000
5153.580078,1878650000
5105.569824,2105870000
5058.410156,2107720000
5046.370117,2015130000
5166.169922,1914310000
5193.490234,1736100000
5251.069824,2824560000
5208.799805,2984360000
5237.109863,2285050000
5218.399902,2369190000
5275.620117,2156500000
5294.580078,2057140000
5333.970215,2081760000
5321.509766,1858610000
5368.859863,1745320000
5386.350098,1886800000
5380.680176,1616740000
5398.919922,768070000
5368.810059,1625620000
5379.919922,1788790000
5323.680176,2064430000
5251.109863,2264960000
5255.649902,1848930000
5308.890137,1798160000
5333.0,1974850000
5393.759766,2122590000
5417.359863,2231070000
5444.5,2038700000
5412.540039,1927560000
5463.830078,2085710000
5436.669922,1974150000
5456.850098,2095910000
5437.160156,3257750000
5457.439941,1685800000
5483.939941,1678040000
5471.430176,1493900000
5447.419922,1582600000
5462.689941,1144280000
5487.439941,1216870000
5438.560059,1322130000
5432.089844,1264480000
5383.120117,1550820000
5429.080078,1886200000
5477.0,1883360000
5487.939941,1792610000
5521.060059,1710770000
5531.819824,1885500000
5551.819824,1796500000
5563.649902,1954720000
5547.490234,1801750000
5574.120117,1605110000
5538.72998,1757030000
5555.649902,1683320000
5540.080078,1805710000
5555.330078,1740320000
5552.939941,1650290000
5600.959961,1805370000
5656.339844,1959950000
5655.180176,1827490000
5660.779785,1663400000
5613.709961,1777090000
5614.790039,2041480000
5642.649902,2223560000
5636.200195,2073980000
5666.77002,1786860000
5663.549805,1732280000
5674.220215,1919100000
5682.450195,1945060000
5715.180176,1943840000
5734.129883,1852010000
5763.959961,1840010000
5782.569824,1945160000
5819.439941,2083660000
5814.899902,1943600000
5838.580078,1875580000
5865.950195,1935110000
5860.629883,1872330000
5835.509766,1879670000
5845.310059,1683280000
5861.899902,1876090000
5825.439941,2298380000
5904.029785,2210360000
5861.220215,2040770000
5870.75,1852130000
5849.180176,1767840000
5833.930176,1822000000
5837.549805,1810480000
5838.810059,1883930000
5861.72998,1982150000
5875.779785,1799340000
5856.819824,1663170000
5900.049805,1952690000
5900.759766,1766980000
5901.0,3184130000
5901.529785,1730550000
5793.830078,2192090000
5821.640137,1857680000
5817.689941,1742640000
5828.740234,1841920000
5840.370117,1670760000
5875.140137,1820860000
5897.549805,1718680000
5914.339844,1723770000
5911.740234,1902800000
5894.680176,1854200000
5898.609863,1790840000
5864.47998,2204490000
5878.950195,1845800000
5877.810059,1692150000
5880.930176,1630070000
5866.77002,1821650000
5836.160156,1658960000
5805.149902,1581870000
5856.790039,1381290000
5849.470215,1608870000
5863.029785,1752620000
5916.779785,1749110000
5910.52002,1723210000
5983.819824,1836570000
6025.490234,1895430000
6025.22998,1894210000
6048.939941,1876700000
6047.609863,1995160000
6091.600098,1757000000
6095.370117,2146730000
6072.549805,2149360000
6075.339844,2056270000
6100.759766,1899570000
6102.660156,1909710000
6120.589844,1997490000
6129.140137,2108000000
6115.959961,1950910000
6121.22998,1740960000
6149.669922,1850790000
6169.870117,1999330000
6011.240234,2347480000
6055.129883,2131520000
6083.700195,1905520000
6133.620117,1726230000
6138.709961,1705860000
6163.02002,1666050000
6205.259766,1767690000
6210.189941,1571040000
6203.189941,1688480000
6198.52002,2209400000
6246.830078,1943610000
6305.799805,1820000000
6295.680176,1739820000
6275.060059,1889690000
6297.379883,1822270000
6321.759766,2128780000
6207.919922,3152050000
6175.459961,2586540000
6220.370117,2062110000
6194.890137,1940440000
6165.5,1858130000
6151.759766,3120640000
6239.009766,1976970000
6188.029785,2570130000
6233.950195,2401440000
6236.689941,2170250000
6265.25,2704600000
6247.149902,2150630000
6146.620117,2181830000
6234.410156,2069400000
6144.350098,2402250000
6140.419922,1998330000
6110.060059,1099560000
6150.859863,1872130000
6089.459961,1990590000
6153.080078,1700630000
6176.390137,1675470000
6193.299805,1808110000
6261.169922,1820550000
6274.439941,1803810000
6312.470215,1608120000
6314.430176,1558030000
6344.310059,1762400000
6385.040039,1862910000
6390.0,1818880000
6387.75,1797100000
6410.810059,1735520000
6412.169922,1925230000
6422.75,1988040000
6382.189941,2483560000
6374.680176,1860770000
6348.120117,1891710000
6362.939941,1812590000
6362.649902,2104130000
6340.339844,2113440000
6351.560059,1907170000
6383.77002,1701550000
6370.459961,1914670000
6352.330078,2033760000
6216.870117,2204700000
6256.560059,1794850000
6340.22998,1698560000
6333.009766,1580060000
6345.109863,1804730000
6221.910156,2041220000
6216.529785,1964590000
6213.129883,1576070000
6297.47998,1597700000
6278.410156,1533220000
6271.330078,1616780000
6265.640137,1442900000
6283.02002,1558690000
6301.890137,1637640000
6368.310059,1712070000
6428.660156,1885710000
6435.330078,1488040000
6375.569824,1886950000
6393.310059,1906030000
6397.870117,1998380000
6360.189941,1785560000
6432.259766,1819300000
6454.279785,1745090000
6460.189941,1942090000
6429.080078,1809170000
6448.470215,2821110000
6454.640137,1874440000
6461.319824,1809710000
6456.040039,2052520000
6422.689941,1772790000
6426.919922,1639100000
6370.589844,2050410000
6380.160156,1926420000
6453.259766,2053720000
6453.450195,1828570000
6495.959961,1967720000
6516.720215,1977030000
6531.709961,1969320000
6534.629883,1938440000
6585.359863,1875670000
6590.180176,1742470000
6579.72998,1490620000
6587.25,1799400000
6603.549805,1830360000
6591.509766,2000470000
6605.799805,1756150000
6624.0,1629480000
6623.660156,1647240000
6624.220215,1734030000
6605.069824,1823860000
6629.049805,1794810000
6586.830078,1809320000
6598.430176,1842640000
6563.890137,2190720000
6556.77002,2108210000
6701.259766,2403600000
6698.959961,2013640000
6727.669922,2043890000
6716.529785,2056860000
6714.939941,2262940000
6764.439941,2195010000
6786.439941,2166470000
6767.779785,2205270000
6789.120117,2110990000
6750.049805,2235180000
6750.939941,1973970000
6757.600098,1973790000
6737.870117,1983830000
6706.209961,1908660000
6793.290039,2002920000
6782.790039,1988090000
6790.709961,1800880000
6862.47998,1883550000
6867.359863,1588200000
6889.160156,848520000
6878.52002,1773400000
6912.359863,2000410000
6824.390137,2452860000
6873.970215,2458580000
6847.589844,2293570000
6775.370117,2426570000
6762.209961,2083540000
6776.379883,1891850000
6812.839844,1934120000
6840.080078,1806040000
6875.080078,1818970000
6862.319824,1861560000
6875.799805,1919560000
6856.529785,1985200000
6936.580078,3510420000
6994.759766,2144360000
6963.850098,2071060000
6960.959961,1874550000
6965.359863,1815620000
6959.959961,1539250000
6936.25,1304340000
6939.339844,1409540000
6950.160156,1311320000
6903.390137,1571730000
7006.899902,1914930000
7065.529785,2166780000
7077.910156,2098890000
7136.560059,2020900000
7157.390137,2051430000
7163.580078,2107300000
7153.569824,2122740000
7211.779785,2009740000
7261.060059,1976200000
7223.689941,2377140000
7298.279785,2238070000
7296.049805,2026220000
7336.379883,1997270000
7408.029785,2106070000
7460.290039,2119840000
7415.060059,2277010000
7411.160156,2061450000
7505.77002,2059010000
7466.509766,2103380000
7402.47998,2163980000
7411.47998,2407540000
7385.859863,2291680000
7240.950195,2587770000
6967.529785,3106870000
7115.879883,3131030000
7051.97998,2366970000
6777.160156,2707700000
6874.490234,3155990000
6981.959961,2240420000
7013.509766,1816670000
7143.620117,2211460000
7256.430176,2110700000
7239.470215,2019830000
7234.310059,1911170000
7218.22998,1946010000
7210.089844,1911900000
7337.390137,1879460000
7421.459961,1866610000
7330.350098,2155850000
7273.009766,2373880000
7180.560059,2489040000
7257.870117,2287320000
7330.709961,2066350000
7372.009766,2112570000
7396.649902,2192230000
7427.950195,2272110000
7560.810059,2302930000
7588.319824,2294440000
7511.009766,2448830000
7496.810059,2104450000
7481.740234,1991570000
7481.990234,3046990000
7344.240234,2327430000
7364.299805,1967690000
7345.290039,1988390000
7166.680176,2347160000
6992.669922,2390410000
7220.540039,2326060000
7008.810059,2325990000
6949.22998,2518670000
7063.450195,2554500000
6870.120117,2394730000
6941.279785,2328510000
7042.109863,2254070000
7076.549805,2124660000
6915.109863,2350540000
6950.339844,2080900000
7094.299805,2238770000
7069.029785,1852120000
7140.25,2021110000
7106.649902,1743640000
7156.279785,1795950000
7281.100098,1913230000
7295.240234,1893220000
7238.060059,1963950000
7146.129883,1921790000
7128.600098,1737370000
7007.350098,2149250000
7003.740234,2026690000
7118.680176,2127140000
7119.799805,2027530000
7066.27002,1987020000
7130.700195,1929110000
7100.899902,2144200000
7088.149902,2345740000
7209.620117,2022230000
7265.209961,1939980000
7266.899902,2054830000
7339.910156,2241480000
7404.970215,2233460000
7402.879883,2083030000
7411.319824,2075670000
7351.629883,2114040000
7398.299805,2083660000
7382.470215,1931700000
7354.339844,1966710000
7394.040039,1949100000
7378.459961,1908280000
7425.959961,1980450000
7424.430176,1992460000
7433.850098,1757660000
7396.589844,2087370000
7462.450195,2049450000
7442.120117,2514610000
7554.330078,2208600000
7606.459961,2142790000
7637.859863,2058630000
7689.240234,2191750000
7635.069824,2328280000
7645.509766,1941580000
7659.930176,1942940000
7703.790039,2006760000
7695.700195,2172770000
7761.040039,2188230000
7746.379883,3043790000
7747.029785,2093950000
7725.589844,2269000000
7781.509766,2305100000
7712.950195,2315880000
7692.819824,3928340000
7532.009766,2415090000
7561.629883,2058640000
7445.080078,2306430000
7503.680176,2195400000
7510.299805,2192010000
7567.689941,1767910000
7502.669922,1179310000
7586.430176,1745030000
7688.390137,1704580000
7756.200195,1837330000
7759.200195,1725210000
7716.609863,1761420000
7823.919922,1926110000
7825.97998,1714140000
7805.720215,1730190000
7855.120117,1740680000
7854.439941,1857670000
7825.299805,1853030000
7820.200195,1786250000
7841.870117,1654290000
7840.77002,2014850000
7932.240234,1902790000
7852.180176,2263070000
7737.419922,2176170000
7630.0,2143410000
7671.790039,2195050000
7707.290039,2223550000
7802.689941,2081300000
7812.009766,2018700000
7859.680176,2238170000
7883.660156,2197590000
7888.330078,2087850000
7891.779785,2032950000
7839.109863,2095180000
7819.709961,1914240000
7870.890137,1917360000
7774.120117,2286960000
7806.52002,1979540000
7816.330078,1843150000
7821.009766,1698970000
7859.169922,1766630000
7889.100098,1660460000
7878.459961,1879890000
7945.97998,1886600000
8017.899902,2319130000
8030.040039,1961300000
8109.689941,1897000000
8088.359863,2014450000
8109.540039,1899910000
8091.25,2229520000
7995.169922,2596780000
7922.72998,2368680000
7902.540039,2146380000
7924.160156,2041450000
7972.470215,2336600000
7954.22998,2341850000
8013.709961,2318720000
8010.040039,2033720000
7895.790039,2284140000
7956.109863,2317990000
7950.040039,2156730000
8028.22998,2287150000
7986.959961,3706820000
7993.25,2416380000
8007.470215,2288140000
7990.370117,2297030000
8041.970215,2053770000
8046.350098,2323940000
8037.299805,2283230000
7999.549805,2391370000
8025.089844,3057330000
7879.509766,3284550000
7788.450195,2672900000
7735.950195,2239640000
7738.02002,2459040000
7422.049805,3077330000
7329.060059,3139290000
7496.890137,2650290000
7430.740234,2148850000
7645.490234,2623300000
7642.700195,2364720000
7485.140137,2545950000
7449.029785,2532220000
7468.629883,2282400000
7437.540039,2735820000
7108.399902,2935550000
7318.339844,2741810000
7167.209961,2964780000
7050.290039,2689550000
7161.649902,2681310000
7305.899902,2899730000
7434.060059,2708880000
7356.990234,2889910000
7328.850098,2166470000
7375.959961,2285680000
7570.75,2677530000
7530.879883,2462430000
7406.899902,2418490000
7200.870117,2289070000
7200.870117,2343940000
7136.390137,2540220000
7259.029785,2508720000
7247.870117,2438260000
7028.47998,2354020000
6908.819824,2664950000
6972.25,1858050000
6938.97998,958950000
7081.850098,2011180000
7082.700195,2067360000
7291.589844,2390260000
7273.080078,1983460000
7330.540039,2542820000
7441.509766,2621020000
7158.430176,2635810000
7188.259766,2833870000
6969.25,2475160000
7020.52002,2367560000
7031.830078,2246060000
7098.310059,2412300000
7070.330078,2143520000
6910.660156,2200510000
6753.72998,2665240000
6783.910156,2595400000
6636.830078,2899950000
6528.410156,3258090000
6332.990234,4534120000
6192.919922,1647270000
6554.359863,2558940000
6579.490234,2415870000
6584.52002,2199090000
6635.279785,2098560000
6665.939941,2261800000
6463.5,2607290000
6738.859863,2579550000
6823.470215,2507550000
6897.0,2380290000
6957.080078,2422590000
6986.069824,2179080000
6971.47998,2066500000
6905.919922,1942210000
7023.830078,2038090000
7034.689941,2149580000
7084.459961,2128840000
7157.22998,2451240000
7020.359863,2380950000
7025.77002,2274420000
7073.459961,2400290000
7164.859863,2440840000
7085.680176,2435480000
7028.290039,2089690000
7183.080078,2544050000
7281.740234,2918710000
7263.870117,2383430000
7347.540039,2099470000
7402.080078,2265520000
7375.279785,2167130000
7288.350098,2295080000
7298.200195,2086260000
7307.899902,1897800000
7414.620117,2124330000
7420.379883,2093800000
7426.950195,2103370000
7472.410156,2257750000
7486.77002,2120790000
7489.069824,2181760000
7459.709961,2119080000
7527.540039,2417680000
7554.459961,2363140000
7549.299805,2257710000
7554.509766,2423360000
7532.529785,2647080000
7595.350098,2463190000
7577.569824,2569590000
7576.359863,2142610000
7505.919922,2242810000
7421.459961,2440840000
7408.140137,2245430000
7558.060059,2226950000
7591.029785,2161400000
7643.410156,2366350000
7630.910156,2176510000
7688.529785,3447190000
7714.47998,2274490000
7723.950195,2433160000
7728.970215,2424400000
7838.959961,2483580000
7642.669922,2490730000
7637.540039,2130230000
7691.52002,2068900000
7643.379883,2221650000
7669.169922,1902060000
7729.319824,2233470000
7828.910156,2198050000
7848.689941,2110100000
7895.549805,2487210000
7891.779785,2094200000
7938.689941,2148730000
7953.879883,2069190000
7909.279785,2067570000
7964.240234,1998280000
7947.359863,1956840000
7984.160156,1955290000
7976.009766,1816920000
8000.22998,2095330000
7996.080078,2290690000
7998.060059,2089360000
8015.27002,1776060000
8120.819824,2075070000
8102.009766,2022490000
8118.680176,2063270000
8146.399902,1971270000
8161.850098,1761110000
8095.390137,2115770000
8049.640137,2247420000
8036.77002,2158600000
8164.0,2046040000
8123.290039,1966120000
7963.759766,2376660000
7943.319824,2175100000
7910.589844,2520770000
7916.939941,2387720000
7647.02002,2478860000
7734.490234,2084850000
7822.149902,2001530000
7898.049805,2163120000
7816.279785,2134120000
7702.379883,2122410000
7785.720215,1993210000
7750.839844,1881830000
7628.279785,2243420000
7637.009766,1682920000
7607.350098,2352670000
7547.310059,2278790000
7567.720215,1872000000
7453.149902,2236940000
7333.02002,2576920000
7527.120117,2369150000
7575.47998,2115570000
7615.549805,2070940000
7742.100098,2066020000
7823.169922,2049370000
7822.569824,2114680000
7792.720215,1952790000
7837.129883,1838930000
7796.660156,1804340000
7845.02002,1935290000
7953.879883,2244920000
7987.319824,2014080000
8051.339844,2053530000
8031.709961,2894340000
8005.700195,2070370000
7884.720215,2127310000
7909.970215,2104750000
7967.759766,2023120000
8006.240234,4078990000
8091.160156,2208900000
8109.089844,1946320000
8170.22998,1548190000
8161.790039,149410000
8098.379883,177320000
8141.72998,1866770000
8202.530273,2060510000
8196.040039,1966970000
8244.139648,1824870000
8258.19043,1783980000
8222.799805,1933960000
8185.209961,1846960000
8207.240234,2016310000
8146.490234,1878730000
8204.139648,1845770000
8251.400391,1832220000
8321.5,1947550000
8238.540039,2023130000
8330.209961,1954350000
8293.330078,1874780000
8273.610352,1884300000
8175.419922,2667060000
8111.120117,2792650000
8004.069824,2252550000
7726.040039,2636740000
7833.27002,2201610000
7862.830078,2453230000
8039.160156,2415670000
7959.140137,2224330000
7863.410156,2056360000
8016.359863,2346980000
7773.939941,2522870000
7766.620117,2182590000
7895.990234,1995130000
8002.810059,1934980000
7948.560059,1747580000
8020.209961,1716370000
7991.390137,1777630000
7751.77002,2207070000
7853.740234,1688860000
7826.950195,1913760000
7856.879883,1656930000
7973.390137,1700840000
7962.879883,1665840000
7874.160156,1936210000
7976.879883,1891300000
8116.830078,2096300000
8103.069824,1876380000
8087.439941,2172240000
8084.160156,2362860000
8169.680176,2310440000
8194.469727,2159260000
8176.709961,1976770000
8153.540039,1869220000
8186.02002,1850340000
8177.390137,2034880000
8182.879883,1792700000
8117.669922,3359380000
8112.459961,1780160000
7993.629883,2302600000
8077.379883,2015270000
8030.660156,1832800000
7939.629883,2037720000
7999.339844,1805820000
7908.680176,2243650000
7785.25,2495160000
7872.259766,2141490000
7982.470215,1736890000
7956.290039,1739450000
7823.779785,1933580000
7903.740234,1553900000
7950.779785,1778740000
8057.040039,2176080000
8048.649902,1419730000
8148.709961,1836650000
8124.180176,1886720000
8156.850098,1861570000
8089.540039,2012930000
8162.990234,1752860000
8104.299805,1847200000
8119.790039,1805030000
8185.799805,1882490000
8243.120117,1894740000
8325.990234,1956280000
8276.849609,1834530000
8303.980469,1928420000
8292.360352,2258270000
8386.400391,2057310000
8433.200195,2149910000
8434.679688,2316710000
8410.629883,2332650000
8434.519531,2393950000
8475.30957,1974190000
8464.280273,1715470000
8486.089844,1987820000
8482.099609,2173320000
8479.019531,2106550000
8540.830078,2188210000
8549.94043,2047240000
8570.660156,2075000000
8526.730469,2596030000
8506.209961,2056230000
8519.879883,1877090000
8632.490234,2256070000
8647.929688,2434570000
8705.179688,1744580000
8665.469727,1099090000
8567.990234,2225940000
8520.639648,2308600000
8566.669922,2150680000
8570.700195,2123380000
8656.530273,2053530000
8621.830078,2088520000
8616.179688,2053390000
8654.049805,1937850000
8717.320313,2388270000
8734.879883,2188720000
8814.230469,2346290000
8823.360352,2374120000
8827.740234,2727870000
8887.219727,2415950000
8924.959961,3825460000
8945.650391,2025450000
8952.879883,1014520000
9022.389648,1634920000
9006.620117,1832200000
8945.990234,2042420000
8972.599609,2182800000
9092.19043,2848370000
9020.769531,2567400000
9071.469727,2788120000
9068.580078,2352850000
9129.240234,2464090000
9203.429688,2534700000
9178.860352,2378990000
9273.929688,2530270000
9251.330078,2542170000
9258.700195,2435650000
9357.129883,2301400000
9388.94043,2522670000
9370.80957,2684540000
9383.769531,2449390000
9402.480469,2460050000
9314.910156,2611710000
9139.30957,2583330000
9269.679688,2157830000
9275.160156,2223480000
9298.929688,2333500000
9150.94043,2685840000
9273.400391,2420510000
9467.969727,2445420000
9508.679688,2462470000
9572.150391,2267300000
9520.509766,2238670000
9628.389648,2179310000
9638.94043,2423670000
9725.959961,2355000000
9711.969727,2239270000
9731.179688,2222240000
9732.740234,2273460000
9817.179688,2462530000
9750.969727,2735610000
9576.589844,2743010000
9221.280273,3177000000
8965.610352,3583400000
8980.780273,3567830000
8566.480469,4536080000
8567.370117,5301170000
8952.169922,4232760000
8684.089844,4336700000
9018.089844,3602870000
8738.589844,3748090000
8575.620117,4279850000
7950.680176,4530350000
8344.25,4431930000
7952.049805,4273890000
7201.799805,5066530000
7874.879883,4685890000
6904.589844,4594360000
7334.779785,4900000000
6989.839844,4890820000
7150.580078,4762170000
6879.52002,5239940000
6860.669922,4330610000
7417.859863,4417380000
7384.299805,4666440000
7797.540039,3999850000
7502.379883,3977010000
7774.149902,3846900000
7700.100098,4059700000
7360.580078,3685510000
7487.310059,3608190000
7373.080078,3279100000
7913.240234,3849100000
7887.259766,4069410000
8090.899902,3470730000
8153.580078,4123670000
8192.419922,3146860000
8515.740234,3732820000
8393.179688,3333750000
8532.360352,3995870000
8650.139648,4335020000
8560.730469,3796950000
8263.230469,3756290000
8495.379883,3025060000
8494.75,3734720000
8634.519531,3673170000
8730.160156,3678460000
8607.730469,3707540000
8914.709961,4378540000
8889.549805,4316380000
8604.950195,3722520000
8710.709961,3422150000
8809.120117,3913360000
8854.389648,3620030000
8979.660156,3762070000
9121.320313,3777340000
9192.339844,3898690000
9002.549805,4315070000
8863.169922,4244110000
8943.719727,3945080000
9014.55957,4221500000
9234.830078,4318310000
9185.099609,4144770000
9375.780273,4292470000
9284.879883,3725950000
9324.589844,3641830000
9340.219727,4432310000
9412.360352,4462450000
9368.990234,4064220000
9489.870117,4710060000
9552.049805,3824770000
9608.379883,3962460000
9682.910156,4638380000
9615.80957,6074320000
9814.080078,6572850000
9924.75,6143120000
9953.75,5281860000
10020.349609,5128400000
9492.730469,5271000000
9588.80957,4366190000
9726.019531,4440650000
9895.870117,4639860000
9910.530273,4249680000
9943.049805,4294740000
9946.120117,6068130000
10056.480469,4468000000
10131.370117,5712450000
9909.169922,5549440000
10017.0,4709620000
9757.219727,7279230000
9874.150391,4306120000
10058.769531,4474000000
10154.629883,4595970000
10207.629883,4017530000
10433.650391,4529480000
10343.889648,4314110000
10492.5,3999180000
10547.75,3992920000
10617.44043,3509810000
10390.839844,4822050000
10488.580078,4419480000
10550.490234,4610540000
10473.830078,4237290000
10503.19043,4334280000
10767.089844,4274340000
10680.360352,5311750000
10706.129883,4074020000
10461.419922,4469470000
10363.179688,4205330000
10536.269531,4209900000
10402.089844,3869230000
10542.94043,3970900000
10587.80957,4135200000
10745.269531,4418390000
10902.799805,4173600000
10941.169922,3973570000
10998.400391,4119550000
11108.070313,4086290000
11010.980469,4230720000
10968.360352,4018530000
10782.820313,4303980000
11012.240234,3716840000
11042.5,3444140000
11019.299805,3491320000
11129.730469,3193160000
11210.839844,3199470000
11146.459961,3467890000
11264.950195,4170980000
11311.799805,3905670000
11379.719727,3885880000
11466.469727,3454500000
11665.05957,3441550000
11625.339844,3535800000
11695.629883,2997810000
11775.459961,3596980000
11939.669922,3480780000
12056.44043,3966140000
11458.099609,4437500000
11313.129883,4269190000
10847.69043,3872230000
11141.55957,3531780000
10919.589844,3814100000
10853.549805,3609190000
11056.650391,3716820000
11190.320313,3772820000
11050.469727,3661710000
10910.280273,3726750000
10793.280273,5745690000
10778.799805,3885200000
10963.639648,3492020000
10632.990234,4074600000
10672.269531,4080730000
10913.55957,3767230000
11117.530273,3562900000
11085.25,3363870000
11167.509766,4228200000
11326.509766,3978100000
11075.019531,3715090000
11332.490234,3597940000
11154.599609,4360550000
11364.599609,3891460000
11420.980469,3486530000
11579.94043,3475620000
11876.259766,3862990000
11863.900391,3607730000
11768.730469,3393010000
11713.870117,3304490000
11671.55957,3156270000
11478.879883,3455430000
11516.490234,3483200000
11484.69043,3445520000
11506.009766,3414590000
11548.280273,3134240000
11358.94043,3186950000
11431.349609,3079530000
11004.870117,3912580000
11185.589844,3222460000
10911.589844,3662840000
10957.610352,3196720000
11160.570313,3190710000
11590.780273,3606820000
11890.929688,3823380000
11895.230469,4156030000
11713.780273,5823620000
11553.860352,4712950000
11786.429688,3823270000
11709.589844,3862690000
11829.290039,3640680000
11924.129883,4138920000
11899.339844,4122770000
11801.599609,4699160000
11904.709961,5322580000
11854.969727,5319340000
11880.629883,5360830000
12036.790039,6277790000
12094.400391,4425030000
12205.849609,3401890000
12198.740234,7693430000
12355.110352,6467180000
12349.370117,5150820000
12377.179688,5182100000
12464.230469,5044210000
12519.950195,4741690000
12582.769531,4758170000
12338.950195,5131720000
12405.80957,4470060000
12377.870117,4268140000
12440.040039,4458140000
12595.05957,4377950000
12658.19043,4561600000
12764.75,4994090000
12755.639648,7088670000
12742.519531,5156470000
12807.919922,5700760000
12771.110352,7028650000
12804.730469,3305950000
12899.419922,5076340000
12850.219727,4680780000
12870.0,5292210000
12888.280273,4771390000
12698.450195,6546740000
12818.959961,6904420000
12740.790039,7648340000
13067.480469,6777010000
13201.980469,7223660000
13036.429688,6876420000
13072.429688,7181380000
13128.950195,7072920000
13112.639648,6671090000
12998.5,6402970000
13197.179688,6229100000
13457.25,6771630000
13530.910156,7183390000
13543.05957,5931240000
13635.990234,7139410000
13626.05957,6781460000
13270.599609,11102160000
13337.160156,9823150000
13070.69043,7809670000
13403.389648,7014220000
13612.780273,7240220000
13610.540039,7465240000
13777.740234,7218680000
13856.299805,6697720000
13987.639648,8439940000
14007.700195,8658980000
13972.530273,10165550000
14025.769531,10000200000
14095.469727,7352960000
14047.5,7646300000
13965.490234,7227140000
13865.360352,6454280000
13874.459961,6686060000
13533.049805,6435100000
13465.200195,7482840000
13597.969727,5793430000
13119.429688,6335240000
13192.349609,5883880000
13588.830078,5047710000
13358.790039,4920320000
12997.75,5493960000
12723.469727,7799710000
12920.150391,7696900000
12609.160156,5971260000
13073.820313,6294910000
13068.830078,5991730000
13398.669922,5956260000
13319.860352,5472340000
13459.709961,5933440000
13471.570313,5463770000
13525.200195,5465500000
13116.169922,5699900000
13215.240234,7591530000
13377.540039,5302770000
13227.700195,5607860000
12961.889648,6184470000
12977.679688,5608640000
13138.730469,5195330000
13059.650391,4934000000
13045.389648,4685320000
13246.870117,4980670000
13480.110352,4553470000
13705.589844,4439970000
13698.379883,4038510000
13688.839844,4078990000
13829.30957,4133640000
13900.19043,3906460000
13850.0,4230160000
13996.099609,4200290000
13857.839844,4102380000
14038.759766,4382620000
14052.339844,4414640000
13914.769531,4349340000
13786.269531,4229410000
13950.219727,3967090000
13818.410156,4397030000
14016.80957,4332500000
14138.780273,4479480000
14090.219727,4665430000
14051.030273,4532050000
14082.549805,4854340000
13962.679688,4762770000
13895.120117,4718850000
13633.5,5852850000
13582.419922,4517100000
13632.839844,5000710000
13752.240234,4376800000
13401.860352,4795690000
13389.429688,4719720000
13031.679688,4730740000
13124.990234,4681530000
13429.980469,4008110000
13379.049805,3980630000
13303.639648,4283680000
13299.740234,4314980000
13535.740234,3972730000
13470.990234,3704590000
13661.169922,3490650000
13657.169922,4084480000
13738.0,4231140000
13736.280273,5057550000
13748.740234,4435220000
13736.480469,4155670000
13756.330078,5059810000
13614.509766,5367460000
13814.490234,4341800000
13881.719727,4602940000
13924.910156,5894140000
13911.75,5607720000
14020.330078,4889500000
14069.419922,4140190000
14174.139648,4394380000
14072.860352,4517770000
14039.679688,4632480000
14161.349609,4526780000
14030.379883,6105960000
14141.480469,4523120000
14253.269531,4405260000
14271.730469,4394600000
14369.709961,4297280000
14360.389648,7436800000
14500.509766,4235620000
14528.330078,4842860000
14503.950195,5264790000
14522.379883,4371620000
14639.330078,3731730000
14663.639648,4464780000
14665.05957,4582030000
14559.780273,4550600000
14701.919922,3809040000
14733.240234,3864500000
14677.650391,4553380000
14644.950195,4461730000
14543.129883,4493540000
14427.240234,4048940000
14274.980469,4507040000
14498.879883,4618980000
14631.950195,4075150000
14684.599609,3574560000
14836.990234,3959410000
14840.709961,4409960000
14660.580078,4300000000
14762.580078,4235390000
14778.259766,3904590000
14672.679688,3628750000
14681.070313,3738200000
14761.290039,4117520000
14780.530273,4319400000
14895.120117,4087320000
14835.759766,4159050000
14860.179688,4095760000
14788.089844,3978790000
14765.139648,3980530000
14816.259766,4020260000
14822.900391,4038130000
14793.759766,3953840000
14656.179688,4151190000
14525.910156,3814120000
14541.790039,4172870000
14714.660156,3864780000
14942.650391,3893990000
15019.799805,3792870000
15041.860352,3629990000
14945.80957,3610970000
15129.5,4006310000
15265.889648,4034110000
15259.240234,4170170000
15309.379883,4248030000
15331.179688,4018120000
15363.519531,3692170000
15374.330078,3967040000
15286.639648,4113530000
15248.25,3997250000
15115.490234,4567980000
15105.580078,4701190000
15037.759766,4571950000
15161.530273,4446270000
15181.919922,3681700000
15043.969727,6682650000
14713.900391,4860630000
14746.400391,4056340000
14896.849609,4229870000
15052.240234,4176520000
15047.700195,3972140000
14969.969727,4619450000
14546.679688,4954270000
14512.44043,5246170000
14448.580078,5910550000
14566.700195,4688550000
14255.480469,4539650000
14433.830078,4143190000
14501.910156,4443760000
14654.019531,3936210000
14579.540039,3557630000
14486.200195,3522230000
14465.919922,4037030000
14571.639648,4032440000
14823.429688,4240520000
14897.339844,4473930000
15021.80957,4142540000
15129.089844,4443000000
15121.679688,4086590000
15215.700195,4880390000
15090.200195,5719760000
15226.709961,5677320000
15235.709961,7035470000
15235.839844,6083210000
15448.120117,5660240000
15498.389648,5310370000
15595.919922,5239250000
15649.599609,5118540000
15811.580078,5274520000
15940.30957,5252570000
15971.589844,5534130000
15982.360352,5620280000
15886.540039,5531330000
15622.709961,5336480000
15704.280273,4520600000
15860.959961,5412870000
15853.849609,4978040000
15973.860352,5441150000
15921.570313,5024540000
15993.709961,5361690000
16057.44043,4849160000
15854.759766,5531070000
15775.139648,5412610000
15845.230469,4178630000
15491.660156,3502030000
15782.830078,4800570000
15537.69043,6609380000
15254.049805,6266020000
15381.320313,5390100000
15085.469727,5859520000
15225.150391,5095960000
15686.919922,5091220000
15786.990234,4600800000
15517.370117,4484230000
15630.599609,4395460000
15413.280273,4549170000
15237.639648,4802460000
15565.580078,5318850000
15180.429688,4890470000
15169.679688,7616320000
14980.94043,4576750000
15341.089844,4546230000
15521.889648,4080900000
15653.370117,3918200000
15871.259766,3730120000
15781.719727,3623600000
15766.219727,3694500000
15741.55957,3732730000
