Date,Adj Close,Volume
1995-01-03,743.580017,248750000
1995-01-04,745.840027,290350000
1995-01-05,745.659973,297510000
1995-01-06,749.690002,312920000
1995-01-09,752.090027,267090000
1995-01-10,756.52002,353510000
1995-01-11,755.73999,329520000
1995-01-12,756.51001,302230000
1995-01-13,762.159973,313630000
1995-01-16,768.159973,301370000
1995-01-17,772.140015,337330000
1995-01-18,772.380005,348330000
1995-01-19,768.549988,331830000
1995-01-20,762.049988,342170000
1995-01-23,759.51001,276420000
1995-01-24,763.200012,298330000
1995-01-25,760.97998,313100000
1995-01-26,757.559998,295060000
1995-01-27,758.909973,309380000
1995-01-30,751.830017,259470000
1995-01-31,755.200012,301430000
1995-02-01,758.309998,309930000
1995-02-02,763.640015,294260000
1995-02-03,772.059998,379850000
1995-02-06,778.849976,298480000
1995-02-07,778.969971,320970000
1995-02-08,783.77002,349420000
1995-02-09,785.440002,381420000
1995-02-10,790.429993,359380000
1995-02-13,789.419983,300360000
1995-02-14,790.619995,345250000
1995-02-15,795.630005,382290000
1995-02-16,793.309998,343990000
1995-02-17,786.969971,294510000
1995-02-21,784.619995,272620000
1995-02-22,787.929993,302200000
1995-02-23,791.349976,356980000
1995-02-24,791.080017,318540000
1995-02-27,784.5,272260000
1995-02-28,793.72998,323350000
1995-03-01,791.869995,336510000
1995-03-02,793.679993,297340000
1995-03-03,798.789978,313590000
1995-03-06,797.77002,265110000
1995-03-07,791.330017,336760000
1995-03-08,795.809998,313150000
1995-03-09,796.23999,319470000
1995-03-10,802.219971,330320000
1995-03-13,802.309998,281070000
1995-03-14,808.23999,347170000
1995-03-15,807.380005,335510000
1995-03-16,809.340027,340150000
1995-03-17,808.330017,315350000
1995-03-20,810.48999,277410000
1995-03-21,809.780029,336150000
1995-03-22,809.099976,315140000
1995-03-23,811.390015,350790000
1995-03-24,818.659973,402890000
1995-03-27,822.630005,315230000
1995-03-28,826.140015,350240000
1995-03-29,819.159973,410380000
1995-03-30,816.859985,363320000
1995-03-31,817.210022,347850000
1995-04-03,818.049988,273920000
1995-04-04,813.719971,365640000
1995-04-05,816.320007,348890000
1995-04-06,813.799988,348320000
1995-04-07,814.690002,331460000
1995-04-10,821.26001,300920000
1995-04-11,824.830017,355650000
1995-04-12,828.530029,345180000
1995-04-13,832.640015,359830000
1995-04-17,830.820007,366500000
1995-04-18,825.73999,377080000
1995-04-19,816.549988,453960000
1995-04-20,819.01001,408860000
1995-04-21,823.440002,394510000
1995-04-24,828.909973,318700000
1995-04-25,831.280029,375490000
1995-04-26,836.909973,392410000
1995-04-27,840.950012,417550000
1995-04-28,843.97998,375830000
1995-05-01,841.630005,315660000
1995-05-02,841.789978,348490000
1995-05-03,850.26001,398810000
1995-05-04,846.75,421000000
1995-05-05,843.530029,331890000
1995-05-08,849.289978,320160000
1995-05-09,848.169983,381750000
1995-05-10,847.619995,380030000
1995-05-11,853.830017,390710000
1995-05-12,858.940002,404570000
1995-05-15,863.059998,350040000
1995-05-16,868.25,382100000
1995-05-17,871.929993,404110000
1995-05-18,864.059998,388180000
1995-05-19,864.570007,337190000
1995-05-22,871.179993,344140000
1995-05-23,879.640015,414920000
1995-05-24,877.97998,439210000
1995-05-25,877.320007,381560000
1995-05-26,871.869995,302720000
1995-05-30,858.700012,320360000
1995-05-31,864.580017,376150000
1995-06-01,868.820007,354420000
1995-06-02,872.969971,351970000
1995-06-05,882.849976,372350000
1995-06-06,879.400024,387500000
1995-06-07,881.580017,378420000
1995-06-08,886.130005,378560000
1995-06-09,884.380005,382600000
1995-06-12,887.97998,352760000
1995-06-13,894.22998,402980000
1995-06-14,895.719971,421450000
1995-06-15,902.679993,412280000
1995-06-16,908.650024,403210000
1995-06-19,922.090027,407000000
1995-06-20,929.830017,444490000
1995-06-21,929.190002,455280000
1995-06-22,940.090027,474080000
1995-06-23,938.869995,447260000
1995-06-26,926.97998,384980000
1995-06-27,919.559998,417490000
1995-06-28,920.52002,395320000
1995-06-29,926.809998,368600000
1995-06-30,933.450012,402140000
1995-07-03,934.530029,130770000
1995-07-05,941.820007,370320000
1995-07-06,952.929993,425540000
1995-07-07,969.76001,512200000
1995-07-10,976.630005,457320000
1995-07-11,970.219971,443750000
1995-07-12,988.630005,514470000
1995-07-13,994.150024,530100000
1995-07-14,999.330017,433600000
1995-07-17,1005.890015,466420000
1995-07-18,988.530029,483650000
1995-07-19,952.869995,597910000
1995-07-20,960.570007,480830000
1995-07-21,961.77002,468690000
1995-07-24,978.570007,404090000
1995-07-25,993.75,499930000
1995-07-26,1000.179993,483900000
1995-07-27,1010.659973,508520000
1995-07-28,1005.280029,458560000
1995-07-31,1001.210022,385570000
1995-08-01,991.109985,436320000
1995-08-02,983.75,486330000
1995-08-03,982.700012,451900000
1995-08-04,991.090027,378860000
1995-08-07,995.219971,362450000
1995-08-08,997.119995,403670000
1995-08-09,1005.099976,476490000
1995-08-10,1000.609985,452260000
1995-08-11,1004.109985,375760000
1995-08-14,1012.440002,371320000
1995-08-15,1012.369995,424440000
1995-08-16,1025.75,472040000
1995-08-17,1029.23999,496820000
1995-08-18,1031.280029,470540000
1995-08-21,1019.700012,437980000
1995-08-22,1025.290039,466030000
1995-08-23,1028.189941,430810000
1995-08-24,1020.929993,449460000
1995-08-25,1019.969971,383360000
1995-08-28,1008.150024,397790000
1995-08-29,1003.640015,470640000
1995-08-30,1012.609985,401840000
1995-08-31,1020.109985,375820000
1995-09-01,1019.469971,292450000
1995-09-05,1039.300049,387000000
1995-09-06,1044.280029,464050000
1995-09-07,1051.079956,489860000
1995-09-08,1060.030029,464600000
1995-09-11,1066.560059,441840000
1995-09-12,1065.0,467930000
1995-09-13,1067.400024,498920000
1995-09-14,1066.959961,484610000
1995-09-15,1051.099976,520200000
1995-09-18,1050.180054,406980000
1995-09-19,1060.319946,466680000
1995-09-20,1065.089966,514820000
1995-09-21,1058.51001,469690000
1995-09-22,1053.390015,439040000
1995-09-25,1046.150024,312670000
1995-09-26,1038.050049,426670000
1995-09-27,1026.540039,523530000
1995-09-28,1047.050049,448420000
1995-09-29,1043.540039,463580000
1995-10-02,1027.569946,393760000
1995-10-03,1020.450012,456000000
1995-10-04,1002.27002,386390000
1995-10-05,1014.200012,456560000
1995-10-06,1012.039978,450010000
1995-10-09,984.73999,403570000
1995-10-10,983.469971,532680000
1995-10-11,1001.570007,454220000
1995-10-12,1015.630005,421760000
1995-10-13,1018.380005,425540000
1995-10-16,1018.130005,325980000
1995-10-17,1035.439941,434620000
1995-10-18,1045.369995,544550000
1995-10-19,1046.969971,470890000
1995-10-20,1039.530029,428030000
1995-10-23,1036.920044,368550000
1995-10-24,1039.23999,445690000
1995-10-25,1026.469971,456100000
1995-10-26,1017.570007,479020000
1995-10-27,1025.550049,440320000
1995-10-30,1039.689941,416390000
1995-10-31,1036.060059,469860000
1995-11-01,1040.5,437200000
1995-11-02,1057.319946,499400000
1995-11-03,1065.660034,451920000
1995-11-06,1062.140015,390760000
1995-11-07,1043.900024,519030000
1995-11-08,1047.939941,476910000
1995-11-09,1065.589966,478190000
1995-11-10,1063.869995,473140000
1995-11-13,1058.459961,395980000
1995-11-14,1040.619995,447250000
1995-11-15,1041.849976,459390000
1995-11-16,1044.47998,492420000
1995-11-17,1045.030029,477980000
1995-11-20,1029.469971,438110000
1995-11-21,1024.98999,537910000
1995-11-22,1021.23999,418960000
1995-11-24,1030.170044,136100000
1995-11-27,1029.319946,439220000
1995-11-28,1050.050049,497080000
1995-11-29,1057.569946,534400000
1995-11-30,1059.199951,542960000
1995-12-01,1055.310059,495080000
1995-12-04,1069.790039,505030000
1995-12-05,1065.890015,567380000
1995-12-06,1061.72998,567670000
1995-12-07,1053.170044,491230000
1995-12-08,1062.410034,455910000
1995-12-11,1061.5,423760000
1995-12-12,1052.069946,463860000
1995-12-13,1056.540039,484120000
1995-12-14,1038.189941,565700000
1995-12-15,1030.47998,581830000
1995-12-18,1002.559998,576640000
1995-12-19,1026.410034,564330000
1995-12-20,1025.27002,567890000
1995-12-21,1040.640015,532800000
1995-12-22,1046.890015,420600000
1995-12-26,1049.369995,332770000
1995-12-27,1048.130005,384320000
1995-12-28,1042.219971,449670000
1995-12-29,1052.130005,541910000
1996-01-02,1058.650024,399620000
1996-01-03,1046.26001,506550000
1996-01-04,1029.819946,629970000
1996-01-05,1033.469971,548130000
1996-01-08,1032.369995,142690000
1996-01-09,998.809998,545790000
1996-01-10,990.210022,603420000
1996-01-11,1011.099976,513200000
1996-01-12,1008.22998,485300000
1996-01-15,988.570007,422660000
1996-01-16,995.869995,561850000
1996-01-17,998.299988,613690000
1996-01-18,1007.23999,536760000
1996-01-19,1018.450012,571120000
1996-01-22,1029.439941,484430000
1996-01-23,1028.040039,533870000
1996-01-24,1043.459961,593000000
1996-01-25,1035.949951,582810000
1996-01-26,1040.959961,513610000
1996-01-29,1042.51001,434380000
1996-01-30,1051.300049,542190000
1996-01-31,1059.790039,561170000
1996-02-01,1069.459961,583070000
1996-02-02,1072.109985,561260000
1996-02-05,1083.339966,512040000
1996-02-06,1089.079956,589490000
1996-02-07,1084.880005,611640000
1996-02-08,1093.170044,556580000
1996-02-09,1094.599976,552650000
1996-02-12,1095.380005,494040000
1996-02-13,1087.219971,525250000
1996-02-14,1088.030029,515890000
1996-02-15,1090.540039,493760000
1996-02-16,1090.709961,459680000
1996-02-20,1083.23999,459680000
1996-02-21,1096.849976,485810000
1996-02-22,1117.109985,641140000
1996-02-23,1117.790039,583520000
1996-02-26,1113.050049,473800000
1996-02-27,1106.170044,514460000
1996-02-28,1107.550049,543440000
1996-02-29,1100.050049,533230000
1996-03-01,1086.079956,587170000
1996-03-04,1084.880005,474380000
1996-03-05,1096.810059,491900000
1996-03-06,1091.819946,532540000
1996-03-07,1093.119995,509360000
1996-03-08,1063.72998,583640000
1996-03-11,1080.5,457880000
1996-03-12,1073.050049,459340000
1996-03-13,1088.640015,482340000
1996-03-14,1091.069946,512870000
1996-03-15,1099.589966,514420000
1996-03-18,1114.420044,498780000
1996-03-19,1112.5,520590000
1996-03-20,1101.819946,529620000
1996-03-21,1099.790039,499240000
1996-03-22,1102.219971,475630000
1996-03-25,1087.089966,476710000
1996-03-26,1088.349976,544620000
1996-03-27,1093.880005,500520000
1996-03-28,1094.829956,483210000
1996-03-29,1101.400024,514090000
1996-04-01,1106.569946,463880000
1996-04-02,1111.290039,492190000
1996-04-03,1115.849976,529750000
1996-04-04,1118.209961,503890000
1996-04-08,1105.660034,517700000
1996-04-09,1109.150024,561670000
1996-04-10,1105.280029,556310000
1996-04-11,1097.140015,534300000
1996-04-12,1100.939941,483760000
1996-04-15,1110.439941,461860000
1996-04-16,1124.920044,613920000
1996-04-17,1120.869995,577800000
1996-04-18,1136.300049,577320000
1996-04-19,1138.699951,593120000
1996-04-22,1153.5,582590000
1996-04-23,1166.76001,650190000
1996-04-24,1176.829956,728620000
1996-04-25,1184.170044,720790000
1996-04-26,1186.890015,643300000
1996-04-29,1188.199951,553980000
1996-04-30,1190.52002,604790000
1996-05-01,1199.660034,654270000
1996-05-02,1178.329956,646950000
1996-05-03,1184.599976,705220000
1996-05-06,1186.310059,680150000
1996-05-07,1182.670044,806500000
1996-05-08,1183.430054,756920000
1996-05-09,1187.819946,635710000
1996-05-10,1202.76001,606020000
1996-05-13,1221.869995,595270000
1996-05-14,1234.48999,690200000
1996-05-15,1233.560059,687990000
1996-05-16,1239.310059,620950000
1996-05-17,1241.880005,630660000
1996-05-20,1248.109985,589730000
1996-05-21,1244.420044,690480000
1996-05-22,1247.380005,693400000
1996-05-23,1248.650024,757950000
1996-05-24,1247.800049,610280000
1996-05-28,1236.300049,643130000
1996-05-29,1225.630005,636100000
1996-05-30,1233.47998,605030000
1996-05-31,1243.430054,607690000
1996-06-03,1238.72998,525170000
1996-06-04,1243.680054,645710000
1996-06-05,1249.150024,649940000
1996-06-06,1232.52002,673890000
1996-06-07,1229.76001,600980000
1996-06-10,1230.040039,476470000
1996-06-11,1230.76001,554300000
1996-06-12,1235.469971,543980000
1996-06-13,1225.650024,564470000
1996-06-14,1213.180054,509880000
1996-06-17,1207.640015,448160000
1996-06-18,1183.079956,621350000
1996-06-19,1179.27002,600610000
1996-06-20,1167.339966,669830000
1996-06-21,1175.439941,540110000
1996-06-24,1182.900024,500470000
1996-06-25,1172.579956,553660000
1996-06-26,1153.290039,605340000
1996-06-27,1166.01001,566010000
1996-06-28,1185.02002,628770000
1996-07-01,1197.449951,501850000
1996-07-02,1191.150024,517630000
1996-07-03,1181.599976,499320000
1996-07-05,1158.349976,216200000
1996-07-08,1148.819946,446400000
1996-07-09,1153.589966,486900000
1996-07-10,1141.189941,538010000
1996-07-11,1106.359985,694930000
1996-07-12,1103.48999,541540000
1996-07-15,1060.189941,587010000
1996-07-16,1053.469971,877330000
1996-07-17,1086.650024,701140000
1996-07-18,1109.819946,640340000
1996-07-19,1097.680054,531610000
1996-07-22,1081.390015,419110000
1996-07-23,1049.069946,598040000
1996-07-24,1042.369995,678050000
1996-07-25,1062.390015,541900000
1996-07-26,1079.439941,473140000
1996-07-29,1066.469971,417780000
1996-07-30,1071.949951,418470000
1996-07-31,1080.589966,481220000
1996-08-01,1098.849976,500640000
1996-08-02,1124.920044,577240000
1996-08-05,1120.530029,394230000
1996-08-06,1128.869995,450040000
1996-08-07,1141.109985,534140000
1996-08-08,1137.51001,470100000
1996-08-09,1137.27002,457370000
1996-08-12,1138.27002,366740000
1996-08-13,1126.150024,405240000
1996-08-14,1133.51001,428620000
1996-08-15,1134.689941,457750000
1996-08-16,1133.650024,420750000
1996-08-19,1130.910034,350170000
1996-08-20,1124.670044,406170000
1996-08-21,1126.839966,416540000
1996-08-22,1143.959961,495050000
1996-08-23,1143.050049,434320000
1996-08-26,1139.219971,422090000
1996-08-27,1149.02002,491130000
1996-08-28,1153.880005,461520000
1996-08-29,1145.030029,419990000
1996-08-30,1141.5,336610000
1996-09-03,1142.290039,394510000
1996-09-04,1143.819946,439820000
1996-09-05,1125.660034,461970000
1996-09-06,1139.390015,471020000
1996-09-09,1148.709961,437010000
1996-09-10,1149.430054,479130000
1996-09-11,1153.949951,487020000
1996-09-12,1165.810059,543500000
1996-09-13,1188.670044,638560000
1996-09-16,1193.959961,575520000
1996-09-17,1203.310059,632220000
1996-09-18,1205.709961,552930000
1996-09-19,1212.089966,563280000
1996-09-20,1219.689941,590560000
1996-09-23,1211.469971,366280000
1996-09-24,1215.27002,583420000
1996-09-25,1224.660034,622590000
1996-09-26,1227.97998,721820000
1996-09-27,1230.050049,561540000
1996-09-30,1226.920044,524290000
1996-10-01,1221.51001,542530000
1996-10-02,1236.109985,576590000
1996-10-03,1233.089966,575390000
1996-10-04,1247.560059,562730000
1996-10-07,1250.869995,480670000
1996-10-08,1240.150024,561770000
1996-10-09,1237.97998,566240000
1996-10-10,1236.969971,579110000
1996-10-11,1248.27002,526810000
1996-10-14,1256.359985,438410000
1996-10-15,1258.099976,571220000
1996-10-16,1250.98999,546750000
1996-10-17,1241.959961,580140000
1996-10-18,1242.47998,545880000
1996-10-21,1236.410034,489140000
1996-10-22,1220.0,600390000
1996-10-23,1227.880005,549810000
1996-10-24,1227.0,541760000
1996-10-25,1222.599976,551670000
1996-10-28,1215.890015,502500000
1996-10-29,1203.050049,549440000
1996-10-30,1206.22998,537520000
1996-10-31,1221.51001,567370000
1996-11-01,1221.780029,544420000
1996-11-04,1220.47998,436620000
1996-11-05,1229.069946,567880000
1996-11-06,1245.48999,621940000
1996-11-07,1254.140015,651200000
1996-11-08,1257.51001,543610000
1996-11-11,1262.670044,435160000
1996-11-12,1256.530029,593410000
1996-11-13,1260.719971,574950000
1996-11-14,1270.359985,602310000
1996-11-15,1261.800049,613020000
1996-11-18,1254.569946,492940000
1996-11-19,1262.619995,547460000
1996-11-20,1264.939941,558920000
1996-11-21,1258.079956,569870000
1996-11-22,1274.359985,669240000
1996-11-25,1280.369995,622820000
1996-11-26,1281.199951,627420000
1996-11-27,1287.319946,493290000
1996-11-29,1292.609985,207100000
1996-12-02,1299.819946,515460000
1996-12-03,1300.369995,681120000
1996-12-04,1297.02002,626420000
1996-12-05,1300.119995,602410000
1996-12-06,1287.680054,644540000
1996-12-09,1316.27002,574010000
1996-12-10,1312.550049,676520000
1996-12-11,1309.119995,628970000
1996-12-12,1298.329956,581260000
1996-12-13,1284.910034,553660000
1996-12-16,1260.97998,518000000
1996-12-17,1266.319946,613230000
1996-12-18,1285.380005,617600000
1996-12-19,1295.859985,645670000
1996-12-20,1288.560059,628630000
1996-12-23,1279.52002,483680000
1996-12-24,1287.630005,261250000
1996-12-26,1294.569946,384560000
1996-12-27,1291.380005,390280000
1996-12-30,1287.75,559630000
1996-12-31,1291.030029,666010000
1997-01-02,1280.699951,492350000
1997-01-03,1310.680054,519140000
1997-01-06,1316.400024,588140000
1997-01-07,1327.72998,577740000
1997-01-08,1320.349976,666490000
1997-01-09,1326.199951,621950000
1997-01-10,1332.02002,659530000
1997-01-13,1330.910034,612090000
1997-01-14,1346.359985,629070000
1997-01-15,1333.530029,681170000
1997-01-16,1340.459961,712970000
1997-01-17,1349.050049,673120000
1997-01-20,1364.280029,592380000
1997-01-21,1376.969971,681850000
1997-01-22,1388.060059,720790000
1997-01-23,1378.369995,795360000
1997-01-24,1363.829956,721430000
1997-01-27,1352.810059,537780000
1997-01-28,1354.369995,658960000
1997-01-29,1355.170044,599260000
1997-01-30,1371.02002,653640000
1997-01-31,1379.849976,679190000
1997-02-03,1376.050049,537540000
1997-02-04,1373.75,606160000
1997-02-05,1348.439941,680460000
1997-02-06,1346.400024,623490000
1997-02-07,1357.709961,644310000
1997-02-10,1335.339966,629500000
1997-02-11,1331.51001,650980000
1997-02-12,1358.959961,669230000
1997-02-13,1370.810059,730410000
1997-02-14,1367.189941,587210000
1997-02-18,1365.790039,563710000
1997-02-19,1365.579956,616100000
1997-02-20,1347.400024,609670000
1997-02-21,1334.319946,612770000
1997-02-24,1345.079956,574060000
1997-02-25,1347.689941,700880000
1997-02-26,1340.550049,640940000
1997-02-27,1312.660034,673500000
1997-02-28,1309.0,686880000
1997-03-03,1311.180054,531980000
1997-03-04,1317.369995,597100000
1997-03-05,1329.089966,660100000
1997-03-06,1315.430054,641410000
1997-03-07,1311.800049,636330000
1997-03-10,1322.719971,562650000
1997-03-11,1316.76001,573770000
1997-03-12,1304.130005,564220000
1997-03-13,1293.280029,553470000
1997-03-14,1292.969971,589900000
1997-03-17,1279.430054,580850000
1997-03-18,1269.339966,540270000
1997-03-19,1249.290039,704760000
1997-03-20,1259.26001,632060000
1997-03-21,1254.069946,571120000
1997-03-24,1242.640015,594970000
1997-03-25,1248.060059,544050000
1997-03-26,1269.079956,591610000
1997-03-27,1249.51001,579950000
1997-03-31,1221.699951,583640000
1997-04-01,1216.930054,599440000
1997-04-02,1201.0,583250000
1997-04-03,1213.76001,580490000
1997-04-04,1236.72998,667640000
1997-04-07,1251.349976,568270000
1997-04-08,1257.369995,522450000
1997-04-09,1249.430054,564040000
1997-04-10,1235.77002,520770000
1997-04-11,1206.900024,533990000
1997-04-14,1216.410034,471240000
1997-04-15,1212.880005,572050000
1997-04-16,1210.27002,575510000
1997-04-17,1217.069946,600610000
1997-04-18,1222.569946,574960000
1997-04-21,1203.949951,546340000
1997-04-22,1212.73999,619440000
1997-04-23,1227.140015,584320000
1997-04-24,1228.099976,586820000
1997-04-25,1209.290039,497290000
1997-04-28,1217.030029,453000000
1997-04-29,1242.630005,573420000
1997-04-30,1260.76001,657060000
1997-05-01,1270.5,615620000
1997-05-02,1305.329956,723590000
1997-05-05,1339.23999,835140000
1997-05-06,1328.300049,741910000
1997-05-07,1322.910034,610710000
1997-05-08,1330.829956,620050000
1997-05-09,1335.050049,544810000
1997-05-12,1344.189941,529710000
1997-05-13,1333.589966,578610000
1997-05-14,1335.550049,612480000
1997-05-15,1353.579956,595400000
1997-05-16,1340.72998,562760000
1997-05-19,1341.23999,451060000
1997-05-20,1363.880005,531940000
1997-05-21,1373.75,654890000
1997-05-22,1372.599976,551360000
1997-05-23,1389.719971,539440000
1997-05-27,1409.209961,634040000
1997-05-28,1410.180054,646840000
1997-05-29,1403.040039,611460000
1997-05-30,1400.319946,713770000
1997-06-02,1404.790039,555220000
1997-06-03,1384.910034,586410000
1997-06-04,1379.670044,594220000
1997-06-05,1390.050049,560950000
1997-06-06,1404.839966,586010000
1997-06-09,1412.040039,558860000
1997-06-10,1401.689941,664990000
1997-06-11,1407.849976,623700000
1997-06-12,1411.319946,630230000
1997-06-13,1423.030029,593870000
1997-06-16,1431.949951,500070000
1997-06-17,1443.109985,618760000
1997-06-18,1432.430054,588340000
1997-06-19,1447.140015,651740000
1997-06-20,1447.099976,612260000
1997-06-23,1434.319946,553910000
1997-06-24,1452.430054,630080000
1997-06-25,1446.23999,672870000
1997-06-26,1436.380005,612940000
1997-06-27,1438.150024,548480000
1997-06-30,1442.069946,637020000
1997-07-01,1438.25,589030000
1997-07-02,1455.609985,622390000
1997-07-03,1467.609985,371760000
1997-07-07,1470.73999,546110000
1997-07-08,1485.099976,635390000
1997-07-09,1486.630005,707870000
1997-07-10,1490.930054,637320000
1997-07-11,1502.619995,651460000
1997-07-14,1523.880005,677580000
1997-07-15,1542.109985,726930000
1997-07-16,1580.630005,836200000
1997-07-17,1568.849976,750890000
1997-07-18,1547.98999,668550000
1997-07-21,1536.22998,535710000
1997-07-22,1563.859985,647960000
1997-07-23,1567.650024,693280000
1997-07-24,1569.130005,742100000
1997-07-25,1569.579956,666600000
1997-07-28,1563.530029,589500000
1997-07-29,1572.319946,632300000
1997-07-30,1588.050049,724950000
1997-07-31,1593.810059,677690000
1997-08-01,1594.329956,584020000
1997-08-04,1605.449951,593300000
1997-08-05,1621.530029,731870000
1997-08-06,1630.439941,780350000
1997-08-07,1624.180054,747460000
1997-08-08,1598.52002,691650000
1997-08-11,1586.73999,613980000
1997-08-12,1576.23999,637480000
1997-08-13,1583.400024,648370000
1997-08-14,1586.689941,575880000
1997-08-15,1562.030029,540240000
1997-08-18,1569.52002,545600000
1997-08-19,1600.709961,654020000
1997-08-20,1628.699951,713530000
1997-08-21,1607.359985,703630000
1997-08-22,1598.689941,628780000
1997-08-25,1601.569946,567740000
1997-08-26,1591.300049,664840000
1997-08-27,1595.540039,635430000
1997-08-28,1581.319946,664030000
1997-08-29,1587.319946,498240000
1997-09-02,1618.089966,583880000
1997-09-03,1618.23999,652520000
1997-09-04,1624.630005,669770000
1997-09-05,1635.77002,644380000
1997-09-08,1645.349976,648040000
1997-09-09,1656.219971,711410000
1997-09-10,1639.25,724200000
1997-09-11,1639.859985,708040000
1997-09-12,1649.329956,690960000
1997-09-15,1634.920044,663570000
1997-09-16,1668.599976,745330000
1997-09-17,1666.469971,770020000
1997-09-18,1670.02002,718240000
1997-09-19,1680.359985,679860000
1997-09-22,1689.449951,703720000
1997-09-23,1697.359985,755210000
1997-09-24,1687.410034,784480000
1997-09-25,1678.890015,732460000
1997-09-26,1682.23999,678780000
1997-09-29,1694.97998,635550000
1997-09-30,1685.689941,779730000
1997-10-01,1690.300049,970680000
1997-10-02,1702.410034,704980000
1997-10-03,1715.869995,765240000
1997-10-06,1721.910034,715450000
1997-10-07,1737.27002,777300000
1997-10-08,1741.77002,786410000
1997-10-09,1745.849976,780590000
1997-10-10,1739.030029,707020000
1997-10-13,1742.119995,653120000
1997-10-14,1732.790039,749290000
1997-10-15,1723.369995,816140000
1997-10-16,1699.660034,833830000
1997-10-17,1666.849976,921830000
1997-10-20,1685.449951,683660000
1997-10-21,1712.540039,789340000
1997-10-22,1708.079956,774910000
1997-10-23,1671.25,818880000
1997-10-24,1650.920044,936240000
1997-10-27,1532.75,906360000
1997-10-28,1603.02002,1395000000
1997-10-29,1602.75,900600000
1997-10-30,1570.410034,754110000
1997-10-31,1593.609985,710010000
1997-11-03,1629.97998,642760000
1997-11-04,1631.150024,631090000
1997-11-05,1637.329956,695500000
1997-11-06,1623.439941,629490000
1997-11-07,1602.400024,673200000
1997-11-10,1590.719971,589740000
1997-11-11,1584.859985,567560000
1997-11-12,1541.709961,706290000
1997-11-13,1559.25,772650000
1997-11-14,1583.51001,705390000
1997-11-17,1614.109985,652880000
1997-11-18,1600.439941,575210000
1997-11-19,1601.219971,552580000
1997-11-20,1626.560059,687990000
1997-11-21,1620.75,679100000
1997-11-24,1586.98999,556720000
1997-11-25,1589.040039,642000000
1997-11-26,1594.5,517560000
1997-11-28,1600.550049,209930000
1997-12-01,1630.719971,610620000
1997-12-02,1606.369995,650360000
1997-12-03,1615.130005,717890000
1997-12-04,1613.420044,695120000
1997-12-05,1633.900024,663220000
1997-12-08,1651.540039,634420000
1997-12-09,1620.550049,802080000
1997-12-10,1596.609985,741630000
1997-12-11,1558.540039,823740000
1997-12-12,1536.579956,760430000
1997-12-15,1536.560059,792570000
1997-12-16,1553.0,784930000
1997-12-17,1547.369995,757460000
1997-12-18,1523.189941,740420000
1997-12-19,1524.73999,794540000
1997-12-22,1532.060059,627100000
1997-12-23,1509.910034,614300000
1997-12-24,1499.530029,312170000
1997-12-26,1511.380005,204700000
1997-12-29,1537.449951,645090000
1997-12-30,1565.030029,758360000
1997-12-31,1570.349976,795460000
1998-01-02,1581.530029,434140000
1998-01-05,1594.119995,681560000
1998-01-06,1580.140015,635700000
1998-01-07,1561.699951,691340000
1998-01-08,1555.540039,645050000
1998-01-09,1503.219971,813460000
1998-01-12,1507.579956,698330000
1998-01-13,1541.630005,742030000
1998-01-14,1548.76001,691680000
1998-01-15,1547.060059,659450000
1998-01-16,1562.880005,701230000
1998-01-20,1590.140015,715490000
1998-01-21,1587.920044,716850000
1998-01-22,1576.51001,660500000
1998-01-23,1575.930054,647390000
1998-01-26,1561.459961,588240000
1998-01-27,1578.900024,680550000
1998-01-28,1610.819946,777610000
1998-01-29,1619.48999,827970000
1998-01-30,1619.359985,729510000
1998-02-02,1652.890015,808120000
1998-02-03,1666.339966,764140000
1998-02-04,1680.439941,820450000
1998-02-05,1676.900024,865990000
1998-02-06,1694.349976,753820000
1998-02-09,1690.430054,688620000
1998-02-10,1709.040039,835560000
1998-02-11,1708.550049,760090000
1998-02-12,1714.339966,769560000
1998-02-13,1710.420044,683180000
1998-02-17,1703.430054,691970000
1998-02-18,1715.72998,687480000
1998-02-19,1727.01001,738870000
1998-02-20,1728.130005,745760000
1998-02-23,1751.76001,731710000
1998-02-24,1738.709961,774920000
1998-02-25,1766.47998,845060000
1998-02-26,1777.109985,782680000
1998-02-27,1770.51001,816160000
1998-03-02,1758.540039,747030000
1998-03-03,1757.140015,783120000
1998-03-04,1759.699951,731200000
1998-03-05,1711.920044,874260000
1998-03-06,1753.48999,791520000
1998-03-09,1725.160034,739340000
1998-03-10,1748.51001,799920000
1998-03-11,1756.849976,838450000
1998-03-12,1764.060059,756150000
1998-03-13,1771.660034,752290000
1998-03-16,1788.180054,690210000
1998-03-17,1779.300049,799940000
1998-03-18,1788.280029,757120000
1998-03-19,1799.97998,789290000
1998-03-20,1789.160034,756320000
1998-03-23,1792.51001,731510000
1998-03-24,1812.439941,803810000
1998-03-25,1824.51001,871650000
1998-03-26,1828.540039,725070000
1998-03-27,1823.619995,738420000
1998-03-30,1818.699951,655780000
1998-03-31,1835.680054,841000000
1998-04-01,1847.660034,835580000
1998-04-02,1852.959961,918090000
1998-04-03,1855.400024,863080000
1998-04-06,1829.140015,761070000
1998-04-07,1798.709961,776480000
1998-04-08,1807.01001,719600000
1998-04-09,1820.23999,755840000
1998-04-13,1824.949951,631850000
1998-04-14,1843.030029,777690000
1998-04-15,1863.26001,901950000
1998-04-16,1858.23999,854830000
1998-04-17,1866.599976,811930000
1998-04-20,1887.140015,808730000
1998-04-21,1903.869995,938570000
1998-04-22,1917.609985,1026050000
1998-04-23,1881.390015,891510000
1998-04-24,1868.959961,806250000
1998-04-27,1820.310059,796370000
1998-04-28,1831.77002,782220000
1998-04-29,1851.640015,792740000
1998-04-30,1868.410034,842050000
1998-05-01,1873.439941,774600000
1998-05-04,1878.859985,770840000
1998-05-05,1864.910034,767370000
1998-05-06,1856.680054,752820000
1998-05-07,1835.140015,716270000
1998-05-08,1864.369995,718440000
1998-05-11,1848.069946,723610000
1998-05-12,1860.160034,735840000
1998-05-13,1866.180054,783840000
1998-05-14,1865.359985,741310000
1998-05-15,1846.77002,755970000
1998-05-18,1831.619995,685930000
1998-05-19,1845.869995,678040000
1998-05-20,1831.75,674390000
1998-05-21,1820.98999,681880000
1998-05-22,1805.0,637350000
1998-05-26,1778.089966,676260000
1998-05-27,1781.099976,793890000
1998-05-28,1794.619995,644880000
1998-05-29,1778.869995,664240000
1998-06-01,1746.819946,645550000
1998-06-02,1761.790039,701070000
1998-06-03,1742.310059,727000000
1998-06-04,1769.949951,725200000
1998-06-05,1782.920044,679590000
1998-06-08,1787.77002,610090000
1998-06-09,1800.76001,709090000
1998-06-10,1773.25,707460000
1998-06-11,1749.75,718210000
1998-06-12,1745.050049,745640000
1998-06-15,1715.75,629030000
1998-06-16,1753.119995,680420000
1998-06-17,1776.400024,830790000
1998-06-18,1772.699951,721700000
1998-06-19,1781.290039,712690000
1998-06-22,1805.819946,645910000
1998-06-23,1844.569946,807790000
1998-06-24,1877.76001,927390000
1998-06-25,1863.25,838580000
1998-06-26,1869.530029,614630000
1998-06-29,1891.079956,659280000
1998-06-30,1894.73999,862200000
1998-07-01,1914.459961,857360000
1998-07-02,1894.0,793330000
1998-07-06,1909.469971,691810000
1998-07-07,1908.109985,806450000
1998-07-08,1935.390015,841820000
1998-07-09,1939.819946,844840000
1998-07-10,1943.040039,709610000
1998-07-13,1965.530029,776950000
1998-07-14,1968.410034,843960000
1998-07-15,1994.540039,920300000
1998-07-16,2000.560059,904820000
1998-07-17,2008.76001,798320000
1998-07-20,2014.25,722060000
1998-07-21,1979.140015,854220000
1998-07-22,1969.75,828750000
1998-07-23,1935.219971,868000000
1998-07-24,1930.98999,805610000
1998-07-27,1933.26001,715580000
1998-07-28,1896.530029,803040000
1998-07-29,1881.48999,730540000
1998-07-30,1919.579956,739540000
1998-07-31,1872.390015,740540000
1998-08-03,1851.099976,655140000
1998-08-04,1785.640015,914990000
1998-08-05,1788.199951,902440000
1998-08-06,1829.51001,782280000
1998-08-07,1846.77002,810860000
1998-08-10,1839.209961,547010000
1998-08-11,1792.699951,732920000
1998-08-12,1825.530029,713640000
1998-08-13,1802.540039,636440000
1998-08-14,1790.189941,669100000
1998-08-17,1818.040039,626440000
1998-08-18,1855.119995,751830000
1998-08-19,1842.689941,735600000
1998-08-20,1832.449951,651590000
1998-08-21,1797.609985,785140000
1998-08-24,1790.819946,588240000
1998-08-25,1798.170044,688040000
1998-08-26,1768.130005,685860000
1998-08-27,1686.410034,959260000
1998-08-28,1639.680054,905540000
1998-08-31,1499.25,1003780000
1998-09-01,1575.089966,1258680000
1998-09-02,1592.849976,938300000
1998-09-03,1571.859985,752250000
1998-09-04,1566.52002,623410000
1998-09-08,1660.859985,780330000
1998-09-09,1624.550049,695170000
1998-09-10,1585.329956,762920000
1998-09-11,1641.640015,706720000
1998-09-14,1665.689941,686720000
1998-09-15,1678.109985,664830000
1998-09-16,1689.910034,716800000
1998-09-17,1646.25,683670000
1998-09-18,1663.77002,647160000
1998-09-21,1680.430054,548670000
1998-09-22,1697.800049,755180000
1998-09-23,1760.27002,932780000
1998-09-24,1720.339966,814080000
1998-09-25,1743.589966,700230000
1998-09-28,1739.219971,696680000
1998-09-29,1734.050049,781710000
1998-09-30,1693.839966,737760000
1998-10-01,1612.329956,856960000
1998-10-02,1614.97998,871450000
1998-10-05,1536.689941,877180000
1998-10-06,1510.890015,887180000
1998-10-07,1462.609985,940230000
1998-10-08,1419.119995,1209510000
1998-10-09,1492.48999,892830000
1998-10-12,1546.079956,764820000
1998-10-13,1509.449951,663540000
1998-10-14,1540.969971,750050000
1998-10-15,1611.01001,841670000
1998-10-16,1620.949951,977090000
1998-10-19,1648.72998,840920000
1998-10-20,1639.189941,1087340000
1998-10-21,1674.75,831480000
1998-10-22,1702.640015,894000000
1998-10-23,1693.859985,826670000
1998-10-26,1724.97998,815570000
1998-10-27,1717.630005,965910000
1998-10-28,1737.349976,783820000
1998-10-29,1757.189941,899640000
1998-10-30,1771.390015,920010000
1998-11-02,1800.910034,889150000
1998-11-03,1788.430054,889000000
1998-11-04,1823.569946,1050450000
1998-11-05,1837.099976,918930000
1998-11-06,1856.560059,937630000
1998-11-09,1861.050049,845730000
1998-11-10,1865.619995,910480000
1998-11-11,1862.109985,935350000
1998-11-12,1851.060059,804300000
1998-11-13,1847.98999,804340000
1998-11-16,1861.680054,754180000
1998-11-17,1878.52002,823450000
1998-11-18,1897.439941,899110000
1998-11-19,1919.680054,981680000
1998-11-20,1928.209961,871040000
1998-11-23,1977.420044,951040000
1998-11-24,1965.880005,996810000
1998-11-25,1985.209961,815540000
1998-11-27,2016.439941,512930000
1998-11-30,1949.540039,1106520000
1998-12-01,2003.75,1026050000
1998-12-02,1995.209961,982390000
1998-12-03,1954.329956,1040490000
1998-12-04,2003.160034,890580000
1998-12-07,2040.640015,810730000
1998-12-08,2034.75,918890000
1998-12-09,2050.419922,855750000
1998-12-10,2015.959961,870690000
1998-12-11,2029.310059,783340000
1998-12-14,1966.920044,742440000
1998-12-15,2012.599976,766690000
1998-12-16,2009.359985,840980000
1998-12-17,2043.880005,791620000
1998-12-18,2086.139893,901530000
1998-12-21,2138.030029,958380000
1998-12-22,2120.97998,906740000
1998-12-23,2172.540039,965290000
1998-12-24,2163.040039,443630000
1998-12-28,2180.300049,861880000
1998-12-29,2181.77002,911180000
1998-12-30,2166.949951,919770000
1998-12-31,2192.689941,886630000
1999-01-04,2208.050049,936660000
1999-01-05,2251.27002,948350000
1999-01-06,2320.860107,1252650000
1999-01-07,2326.090088,1200900000
1999-01-08,2344.409912,1286690000
1999-01-11,2384.590088,1140930000
1999-01-12,2320.75,1107300000
1999-01-13,2316.810059,1195470000
1999-01-14,2276.820068,1012270000
1999-01-15,2348.199951,1001160000
1999-01-19,2408.169922,1057490000
1999-01-20,2415.48999,1280980000
1999-01-21,2344.719971,1083860000
1999-01-22,2338.879883,1014740000
1999-01-25,2369.310059,870960000
1999-01-26,2433.409912,1030160000
1999-01-27,2407.139893,1034480000
1999-01-28,2477.340088,1013890000
1999-01-29,2505.889893,1057120000
1999-02-01,2510.090088,957110000
1999-02-02,2463.419922,963710000
1999-02-03,2493.409912,1057010000
1999-02-04,2410.070068,1099190000
1999-02-05,2373.620117,1013740000
1999-02-08,2404.919922,881780000
1999-02-09,2310.790039,909780000
1999-02-10,2309.5,915620000
1999-02-11,2405.550049,961760000
1999-02-12,2321.889893,837560000
1999-02-16,2313.870117,819240000
1999-02-17,2248.909912,902780000
1999-02-18,2260.550049,859910000
1999-02-19,2283.600098,813480000
1999-02-22,2342.01001,843510000
1999-02-23,2376.350098,912110000
1999-02-24,2339.379883,931090000
1999-02-25,2326.820068,858700000
1999-02-26,2288.030029,901170000
1999-03-01,2295.179932,770800000
1999-03-02,2259.030029,894020000
1999-03-03,2265.199951,864380000
1999-03-04,2292.889893,889430000
1999-03-05,2337.110107,859200000
1999-03-08,2397.620117,970750000
1999-03-09,2392.939941,1032900000
1999-03-10,2406.0,936670000
1999-03-11,2412.25,1033580000
1999-03-12,2381.530029,918410000
1999-03-15,2431.439941,851480000
1999-03-16,2439.27002,977210000
1999-03-17,2428.969971,854320000
1999-03-18,2462.959961,937430000
1999-03-19,2421.27002,1054880000
1999-03-22,2395.939941,874200000
1999-03-23,2322.840088,976000000
1999-03-24,2365.280029,856520000
1999-03-25,2434.800049,939490000
1999-03-26,2419.169922,831140000
1999-03-29,2492.840088,876200000
1999-03-30,2480.290039,896110000
1999-03-31,2461.399902,1101200000
1999-04-01,2493.370117,848680000
1999-04-05,2560.060059,977920000
1999-04-06,2563.169922,1113990000
1999-04-07,2544.429932,1272750000
1999-04-08,2573.389893,1145880000
1999-04-09,2593.050049,1091380000
1999-04-12,2598.810059,1143330000
1999-04-13,2583.5,1341700000
1999-04-14,2507.280029,1416190000
1999-04-15,2521.77002,1233960000
1999-04-16,2484.040039,1027070000
1999-04-19,2345.610107,1200990000
1999-04-20,2409.639893,1143740000
1999-04-21,2489.080078,1125280000
1999-04-22,2561.610107,1110460000
1999-04-23,2590.689941,1049670000
1999-04-26,2652.050049,1050470000
1999-04-27,2602.409912,1132010000
1999-04-28,2550.370117,1000820000
1999-04-29,2528.439941,1005650000
1999-04-30,2542.860107,994460000
1999-05-03,2535.580078,866010000
1999-05-04,2485.120117,921730000
1999-05-05,2534.449951,1038730000
1999-05-06,2472.280029,909640000
1999-05-07,2503.620117,867050000
1999-05-10,2526.389893,831130000
1999-05-11,2566.679932,954690000
1999-05-12,2606.540039,1032500000
1999-05-13,2582.0,1069560000
1999-05-14,2527.860107,936350000
1999-05-17,2561.840088,787680000
1999-05-18,2558.360107,862100000
1999-05-19,2577.399902,964350000
1999-05-20,2542.22998,1004770000
1999-05-21,2520.139893,889330000
1999-05-24,2453.659912,919880000
1999-05-25,2380.899902,1048510000
1999-05-26,2427.179932,1099420000
1999-05-27,2419.149902,834390000
1999-05-28,2470.52002,681570000
1999-06-01,2412.030029,743680000
1999-06-02,2432.409912,895580000
1999-06-03,2403.320068,819310000
1999-06-04,2478.340088,885690000
1999-06-07,2524.209961,874770000
1999-06-08,2474.560059,847720000
1999-06-09,2519.350098,841720000
1999-06-10,2484.620117,796410000
1999-06-11,2447.879883,755120000
1999-06-14,2398.310059,835470000
1999-06-15,2414.669922,837020000
1999-06-16,2517.830078,1026530000
1999-06-17,2544.149902,892380000
1999-06-18,2563.439941,978110000
1999-06-21,2630.280029,903880000
1999-06-22,2580.26001,1002260000
1999-06-23,2598.120117,950570000
1999-06-24,2553.98999,911730000
1999-06-25,2552.649902,767890000
1999-06-28,2602.439941,761900000
1999-06-29,2642.110107,952190000
1999-06-30,2686.120117,1328060000
1999-07-01,2706.179932,1093090000
1999-07-02,2741.02002,850020000
1999-07-06,2736.780029,1135620000
1999-07-07,2743.040039,1033750000
1999-07-08,2771.860107,1048380000
1999-07-09,2793.070068,927180000
1999-07-12,2790.439941,981370000
1999-07-13,2778.22998,995390000
1999-07-14,2818.129883,1071090000
1999-07-15,2839.370117,1119320000
1999-07-16,2864.47998,1052960000
1999-07-19,2830.290039,945950000
1999-07-20,2732.179932,1081290000
1999-07-21,2761.77002,1019080000
1999-07-22,2684.439941,1038620000
1999-07-23,2692.399902,922040000
1999-07-26,2619.189941,843850000
1999-07-27,2679.330078,997520000
1999-07-28,2705.840088,964880000
1999-07-29,2640.01001,917000000
1999-07-30,2638.48999,877260000
1999-08-02,2623.629883,754220000
1999-08-03,2587.98999,1013500000
1999-08-04,2540.0,964170000
1999-08-05,2565.830078,1167110000
1999-08-06,2547.969971,813730000
1999-08-09,2518.97998,748210000
1999-08-10,2490.110107,978230000
1999-08-11,2564.97998,911460000
1999-08-12,2549.48999,916770000
1999-08-13,2637.810059,934220000
1999-08-16,2645.280029,781570000
1999-08-17,2671.22998,898390000
1999-08-18,2657.72998,1045290000
1999-08-19,2621.429932,868280000
1999-08-20,2648.330078,795140000
1999-08-23,2719.570068,915630000
1999-08-24,2752.370117,1032160000
1999-08-25,2805.600098,1035950000
1999-08-26,2774.620117,1100060000
1999-08-27,2758.899902,806090000
1999-08-30,2712.689941,795940000
1999-08-31,2739.350098,970590000
1999-09-01,2750.800049,919330000
1999-09-02,2734.23999,836160000
1999-09-03,2843.110107,910410000
1999-09-07,2837.26001,911230000
1999-09-08,2808.73999,1005950000
1999-09-09,2852.02002,1029970000
1999-09-10,2887.060059,1129430000
1999-09-13,2844.77002,984440000
1999-09-14,2868.290039,1013000000
1999-09-15,2814.169922,1059050000
1999-09-16,2806.719971,960310000
1999-09-17,2869.620117,1005060000
1999-09-20,2886.149902,803340000
1999-09-21,2821.100098,1035910000
1999-09-22,2858.159912,1029880000
1999-09-23,2749.830078,1170630000
1999-09-24,2740.409912,1152000000
1999-09-27,2761.75,942310000
1999-09-28,2756.25,1103400000
1999-09-29,2730.27002,1121110000
1999-09-30,2746.159912,1210570000
1999-10-01,2736.850098,973610000
1999-10-04,2795.969971,914660000
1999-10-05,2799.669922,1193260000
1999-10-06,2857.209961,1170050000
1999-10-07,2860.699951,1216890000
1999-10-08,2886.570068,1035030000
1999-10-11,2915.949951,873260000
1999-10-12,2872.429932,1004090000
1999-10-13,2801.27002,1004720000
1999-10-14,2806.840088,1015490000
1999-10-15,2731.830078,1074740000
1999-10-18,2689.149902,997350000
1999-10-19,2688.179932,1093110000
1999-10-20,2788.129883,1053700000
1999-10-21,2801.949951,1123220000
1999-10-22,2816.52002,1175300000
1999-10-25,2815.949951,933190000
1999-10-26,2811.469971,1067420000
1999-10-27,2802.52002,1075340000
1999-10-28,2875.219971,1249160000
1999-10-29,2966.429932,1441380000
1999-11-01,2967.649902,1076080000
1999-11-02,2981.629883,1248540000
1999-11-03,3028.51001,1339050000
1999-11-04,3055.949951,1364610000
1999-11-05,3102.290039,1346320000
1999-11-08,3143.969971,1300800000
1999-11-09,3125.040039,1470420000
1999-11-10,3155.959961,1433250000
1999-11-11,3197.290039,1382840000
1999-11-12,3221.149902,1409070000
1999-11-15,3219.540039,1283340000
1999-11-16,3295.52002,1486980000
1999-11-17,3269.389893,1652650000
1999-11-18,3347.110107,1592920000
1999-11-19,3369.25,1422350000
1999-11-22,3392.560059,1374760000
1999-11-23,3342.870117,1456310000
1999-11-24,3420.5,1290550000
1999-11-26,3447.810059,730780000
1999-11-29,3421.370117,1543750000
1999-11-30,3336.159912,1548680000
1999-12-01,3353.709961,1434310000
1999-12-02,3452.780029,1458170000
1999-12-03,3520.629883,1539060000
1999-12-06,3546.01001,1373230000
1999-12-07,3586.919922,1564600000
1999-12-08,3586.080078,1676620000
1999-12-09,3594.169922,1787570000
1999-12-10,3620.23999,1594040000
1999-12-13,3658.169922,1582860000
1999-12-14,3571.659912,1596410000
1999-12-15,3621.949951,1648290000
1999-12-16,3715.060059,1430310000
1999-12-17,3753.060059,1572710000
1999-12-20,3783.870117,1324450000
1999-12-21,3911.149902,1486980000
1999-12-22,3937.300049,1473570000
1999-12-23,3969.439941,1272680000
1999-12-27,3975.379883,1154650000
1999-12-28,3972.110107,1237130000
1999-12-29,4041.459961,1158430000
1999-12-30,4036.870117,1107160000
1999-12-31,4069.310059,762980000
2000-01-03,4131.149902,1510070000
2000-01-04,3901.689941,1511840000
2000-01-05,3877.540039,1735670000
2000-01-06,3727.129883,1598320000
2000-01-07,3882.620117,1634930000
2000-01-10,4049.669922,1691710000
2000-01-11,3921.189941,1694460000
2000-01-12,3850.02002,1525900000
2000-01-13,3957.209961,1476970000
2000-01-14,4064.27002,1656630000
2000-01-18,4130.810059,1585230000
2000-01-19,4151.290039,1652210000
2000-01-20,4189.509766,1851300000
2000-01-21,4235.399902,1923680000
2000-01-24,4096.080078,1989050000
2000-01-25,4167.410156,1743630000
2000-01-26,4069.909912,1717000000
2000-01-27,4039.560059,1798460000
2000-01-28,3887.070068,1616370000
2000-01-31,3940.350098,1507630000
2000-02-01,4051.97998,1398240000
2000-02-02,4073.959961,1527880000
2000-02-03,4210.97998,1722330000
2000-02-04,4244.140137,1751450000
2000-02-07,4321.77002,1625540000
2000-02-08,4427.5,1971180000
2000-02-09,4363.240234,1775590000
2000-02-10,4485.629883,1813590000
2000-02-11,4395.450195,1738590000
2000-02-14,4418.549805,1600850000
2000-02-15,4420.77002,1708930000
2000-02-16,4427.649902,1782130000
2000-02-17,4548.919922,2008440000
2000-02-18,4411.740234,1898410000
2000-02-22,4382.120117,1772290000
2000-02-23,4550.330078,1892800000
2000-02-24,4617.649902,1944050000
2000-02-25,4590.5,1825500000
2000-02-28,4577.850098,1798070000
2000-02-29,4696.689941,2088840000
2000-03-01,4784.080078,2232340000
2000-03-02,4754.509766,2137080000
2000-03-03,4914.790039,2136530000
2000-03-06,4904.850098,2015580000
2000-03-07,4847.839844,2156410000
2000-03-08,4897.259766,2020130000
2000-03-09,5046.859863,2006810000
2000-03-10,5048.620117,1992170000
2000-03-13,4907.240234,1736270000
2000-03-14,4706.629883,1977820000
2000-03-15,4582.620117,1937800000
2000-03-16,4717.390137,2041510000
2000-03-17,4798.129883,1691530000
2000-03-20,4610.0,1539860000
2000-03-21,4711.680176,1753310000
2000-03-22,4864.75,1769510000
2000-03-23,4940.609863,1714160000
2000-03-24,4963.029785,1688970000
2000-03-27,4958.560059,1380380000
2000-03-28,4833.890137,1490090000
2000-03-29,4644.669922,1738270000
2000-03-30,4457.890137,1925860000
2000-03-31,4572.830078,2118100000
2000-04-03,4223.680176,1739920000
2000-04-04,4148.890137,2889100000
2000-04-05,4169.220215,1947700000
2000-04-06,4267.560059,1746450000
2000-04-07,4446.450195,1563430000
2000-04-10,4188.200195,1446140000
2000-04-11,4055.899902,1679390000
2000-04-12,3769.629883,1921090000
2000-04-13,3676.780029,1951500000
2000-04-14,3321.290039,2555780000
2000-04-17,3539.159912,2482830000
2000-04-18,3793.570068,2152720000
2000-04-19,3706.409912,1760270000
2000-04-20,3643.879883,1422730000
2000-04-24,3482.47998,1540710000
2000-04-25,3711.22998,1622910000
2000-04-26,3630.090088,1592830000
2000-04-27,3774.030029,1548760000
2000-04-28,3860.659912,1583710000
2000-05-01,3958.080078,1500610000
2000-05-02,3785.449951,1438040000
2000-05-03,3707.310059,1480050000
2000-05-04,3720.23999,1287850000
2000-05-05,3816.820068,1197290000
2000-05-08,3669.379883,1142710000
2000-05-09,3585.01001,1454780000
2000-05-10,3384.72998,1580110000
2000-05-11,3499.580078,1370230000
2000-05-12,3529.060059,1220040000
2000-05-15,3607.649902,1155810000
2000-05-16,3717.570068,1495270000
2000-05-17,3644.959961,1227380000
2000-05-18,3538.709961,1258610000
2000-05-19,3390.399902,1366930000
2000-05-22,3364.209961,1615480000
2000-05-23,3164.550049,1330440000
2000-05-24,3270.610107,2087980000
2000-05-25,3205.350098,1561840000
2000-05-26,3205.110107,1069440000
2000-05-30,3459.47998,1457360000
2000-05-31,3400.909912,1533730000
2000-06-01,3582.5,1580240000
2000-06-02,3813.379883,1903210000
2000-06-05,3821.76001,1455960000
2000-06-06,3756.370117,1603060000
2000-06-07,3839.26001,1431220000
2000-06-08,3825.560059,1399250000
2000-06-09,3874.840088,1268720000
2000-06-12,3767.909912,1281000000
2000-06-13,3851.060059,1398790000
2000-06-14,3797.409912,1400300000
2000-06-15,3845.73999,1426630000
2000-06-16,3860.560059,1501190000
2000-06-19,3989.830078,1411400000
2000-06-20,4013.360107,1694520000
2000-06-21,4064.01001,1541900000
2000-06-22,3936.840088,1639540000
2000-06-23,3845.340088,1344960000
2000-06-26,3912.120117,1316960000
2000-06-27,3858.959961,1476020000
2000-06-28,3940.340088,1660130000
2000-06-29,3877.22998,1550990000
2000-06-30,3966.110107,2066390000
2000-07-03,3991.929932,600810000
2000-07-05,3863.100098,1342600000
2000-07-06,3960.570068,1482480000
2000-07-07,4023.199951,1486480000
2000-07-10,3980.290039,1395950000
2000-07-11,3956.419922,1714500000
2000-07-12,4099.589844,1775980000
2000-07-13,4174.859863,1881560000
2000-07-14,4246.180176,1678610000
2000-07-17,4274.669922,1584500000
2000-07-18,4177.169922,1501970000
2000-07-19,4055.629883,1445310000
2000-07-20,4184.560059,1719880000
2000-07-21,4094.449951,1545940000
2000-07-24,3981.570068,1460690000
2000-07-25,4029.570068,1471000000
2000-07-26,3987.719971,1754760000
2000-07-27,3842.22998,1791100000
2000-07-28,3663.0,1769410000
2000-07-31,3766.98999,1512580000
2000-08-01,3685.52002,1341460000
2000-08-02,3658.459961,1476820000
2000-08-03,3759.879883,1828860000
2000-08-04,3787.360107,1438850000
2000-08-07,3862.98999,1319680000
2000-08-08,3848.550049,1461590000
2000-08-09,3853.5,1517650000
2000-08-10,3759.98999,1349670000
2000-08-11,3789.469971,1333260000
2000-08-14,3849.689941,1232060000
2000-08-15,3851.659912,1353620000
2000-08-16,3861.199951,1401380000
2000-08-17,3940.870117,1440370000
2000-08-18,3930.340088,1447920000
2000-08-21,3953.149902,1269330000
2000-08-22,3958.209961,1413190000
2000-08-23,4011.01001,1461790000
2000-08-24,4053.280029,1546950000
2000-08-25,4042.679932,1285820000
2000-08-28,4070.590088,1373010000
2000-08-29,4082.169922,1489470000
2000-08-30,4103.810059,1537020000
2000-08-31,4206.350098,1903150000
2000-09-01,4234.330078,1472940000
2000-09-05,4143.180176,1668120000
2000-09-06,4013.340088,1757190000
2000-09-07,4098.350098,1634610000
2000-09-08,3978.409912,1508550000
2000-09-11,3896.350098,1483670000
2000-09-12,3849.51001,1596640000
2000-09-13,3893.889893,1656550000
2000-09-14,3913.860107,1699480000
2000-09-15,3835.22998,1777540000
2000-09-18,3726.52002,1613970000
2000-09-19,3865.639893,1707400000
2000-09-20,3897.439941,1802040000
2000-09-21,3828.870117,1616010000
2000-09-22,3803.76001,2164340000
2000-09-25,3741.219971,1774680000
2000-09-26,3689.100098,1825900000
2000-09-27,3656.300049,1948200000
2000-09-28,3778.320068,2001450000
2000-09-29,3672.820068,2018050000
2000-10-02,3568.899902,1799220000
2000-10-03,3455.830078,1958840000
2000-10-04,3523.100098,2129330000
2000-10-05,3472.100098,1872960000
2000-10-06,3361.01001,1870690000
2000-10-09,3355.560059,1437770000
2000-10-10,3240.540039,1874430000
2000-10-11,3168.48999,2340450000
2000-10-12,3074.679932,2128660000
2000-10-13,3316.77002,2070750000
2000-10-16,3290.280029,1788600000
2000-10-17,3213.959961,1936790000
2000-10-18,3171.560059,2519920000
2000-10-19,3418.600098,2343470000
2000-10-20,3483.139893,2171490000
2000-10-23,3468.689941,1690110000
2000-10-24,3419.790039,1880860000
2000-10-25,3229.570068,2170930000
2000-10-26,3272.179932,2292490000
2000-10-27,3278.360107,1963390000
2000-10-30,3191.399902,1741440000
2000-10-31,3369.629883,2146420000
2000-11-01,3333.389893,2024380000
2000-11-02,3429.02002,2226920000
2000-11-03,3451.580078,1846200000
2000-11-06,3416.209961,1608520000
2000-11-07,3415.790039,1700120000
2000-11-08,3231.699951,1678000000
2000-11-09,3200.350098,1942770000
2000-11-10,3028.98999,1779930000
2000-11-13,2966.719971,2048330000
2000-11-14,3138.27002,1785310000
2000-11-15,3165.48999,1705940000
2000-11-16,3031.879883,1523710000
2000-11-17,3027.189941,1760850000
2000-11-20,2875.639893,1716290000
2000-11-21,2871.449951,1749380000
2000-11-22,2755.340088,1885130000
2000-11-24,2904.379883,781600000
2000-11-27,2880.48999,1706570000
2000-11-28,2734.97998,1919970000
2000-11-29,2706.929932,2055720000
2000-11-30,2597.929932,2736270000
2000-12-01,2645.290039,2221970000
2000-12-04,2615.75,1860480000
2000-12-05,2889.800049,2474670000
2000-12-06,2796.5,2308280000
2000-12-07,2752.659912,1756810000
2000-12-08,2917.429932,2328650000
2000-12-11,3015.100098,2447760000
2000-12-12,2931.77002,1919030000
2000-12-13,2822.77002,2042250000
2000-12-14,2728.51001,1770640000
2000-12-15,2653.27002,2770690000
2000-12-18,2624.52002,2065990000
2000-12-19,2511.709961,2317200000
2000-12-20,2332.780029,2855150000
2000-12-21,2340.120117,2686970000
2000-12-22,2517.02002,2235410000
2000-12-26,2493.52002,1558700000
2000-12-27,2539.350098,2002650000
2000-12-28,2557.76001,2192130000
2000-12-29,2470.52002,2531760000
2001-01-02,2291.860107,1918930000
2001-01-03,2616.689941,3188000000
2001-01-04,2566.830078,2610680000
2001-01-05,2407.649902,2104670000
2001-01-08,2395.919922,1850590000
2001-01-09,2441.300049,1975130000
2001-01-10,2524.179932,2470350000
2001-01-11,2640.570068,2842640000
2001-01-12,2626.5,2518850000
2001-01-16,2618.550049,2073940000
2001-01-17,2682.780029,2819190000
2001-01-18,2768.48999,2558710000
2001-01-19,2770.379883,2697190000
2001-01-22,2757.909912,2037140000
2001-01-23,2840.389893,2278470000
2001-01-24,2859.149902,2567320000
2001-01-25,2754.280029,2298150000
2001-01-26,2781.300049,2268800000
2001-01-29,2838.340088,1970130000
2001-01-30,2838.350098,2073590000
2001-01-31,2772.72998,2277310000
2001-02-01,2782.790039,1776260000
2001-02-02,2660.5,1706900000
2001-02-05,2643.209961,1648760000
2001-02-06,2664.48999,1788920000
2001-02-07,2607.820068,2056920000
2001-02-08,2562.060059,1852360000
2001-02-09,2470.969971,1881910000
2001-02-12,2489.659912,1751220000
2001-02-13,2427.719971,1728550000
2001-02-14,2491.399902,1987350000
2001-02-15,2552.909912,2106930000
2001-02-16,2425.379883,1892200000
2001-02-20,2318.350098,1878340000
2001-02-21,2268.939941,2019740000
2001-02-22,2244.959961,2483470000
2001-02-23,2262.51001,2237910000
2001-02-26,2308.5,1739060000
2001-02-27,2207.820068,1808540000
2001-02-28,2151.830078,2082700000
2001-03-01,2183.370117,2256880000
2001-03-02,2117.629883,2374100000
2001-03-05,2142.919922,1495750000
2001-03-06,2204.429932,1986380000
2001-03-07,2223.919922,1774410000
2001-03-08,2168.72998,1759140000
2001-03-09,2052.780029,1962120000
2001-03-12,1923.380005,2149820000
2001-03-13,2014.780029,2096420000
2001-03-14,1972.089966,2147220000
2001-03-15,1940.709961,1963770000
2001-03-16,1890.910034,2102270000
2001-03-19,1951.180054,1774570000
2001-03-20,1857.439941,2016500000
2001-03-21,1830.22998,2109190000
2001-03-22,1897.699951,2504770000
2001-03-23,1928.680054,2284560000
2001-03-26,1918.48999,1719620000
2001-03-27,1972.22998,1951410000
2001-03-28,1854.130005,2072260000
2001-03-29,1820.569946,2079050000
2001-03-30,1840.26001,2139050000
2001-04-02,1782.969971,1848350000
2001-04-03,1673.0,2573410000
2001-04-04,1638.800049,2465470000
2001-04-05,1785.0,2333000000
2001-04-06,1720.359985,1835720000
2001-04-09,1745.709961,1448830000
2001-04-10,1852.030029,2203460000
2001-04-11,1898.949951,2372010000
2001-04-12,1961.430054,1902800000
2001-04-16,1909.569946,1571910000
2001-04-17,1923.219971,1900580000
2001-04-18,2079.439941,3195650000
2001-04-19,2182.139893,2788870000
2001-04-20,2163.409912,2544420000
2001-04-23,2059.320068,1845630000
2001-04-24,2016.609985,1983330000
2001-04-25,2059.800049,1978940000
2001-04-26,2034.880005,2028800000
2001-04-27,2075.679932,1801600000
2001-04-30,2116.23999,2027180000
2001-05-01,2168.23999,1922520000
2001-05-02,2220.600098,2584140000
2001-05-03,2146.199951,2010880000
2001-05-04,2191.530029,2057110000
2001-05-07,2173.570068,1749600000
2001-05-08,2198.77002,1892280000
2001-05-09,2156.629883,1793520000
2001-05-10,2128.860107,1741690000
2001-05-11,2107.429932,1430930000
2001-05-14,2081.919922,1338540000
2001-05-15,2085.580078,1710620000
2001-05-16,2166.439941,2078580000
2001-05-17,2193.679932,2154310000
2001-05-18,2198.879883,1792620000
2001-05-21,2305.590088,2311480000
2001-05-22,2313.850098,2314800000
2001-05-23,2243.47998,1886790000
2001-05-24,2282.02002,1864570000
2001-05-25,2251.030029,1385410000
2001-05-29,2175.540039,1621060000
2001-05-30,2084.5,1991230000
2001-05-31,2110.48999,1833070000
2001-06-01,2149.439941,1555300000
2001-06-04,2155.929932,1320350000
2001-06-05,2233.659912,1845100000
2001-06-06,2217.72998,1771940000
2001-06-07,2264.0,1660520000
2001-06-08,2215.100098,1437730000
2001-06-11,2170.780029,1418630000
2001-06-12,2169.949951,1713560000
2001-06-13,2121.659912,1546790000
2001-06-14,2044.069946,1763760000
2001-06-15,2028.430054,2109340000
2001-06-18,1988.630005,1567770000
2001-06-19,1992.660034,1980650000
2001-06-20,2031.23999,2110760000
2001-06-21,2058.76001,2180500000
2001-06-22,2034.839966,1714580000
2001-06-25,2050.870117,1481730000
2001-06-26,2064.620117,1657380000
2001-06-27,2074.73999,1716400000
2001-06-28,2125.459961,1952960000
2001-06-29,2160.540039,2071630000
2001-07-02,2148.719971,1513420000
2001-07-03,2140.800049,868430000
2001-07-05,2080.110107,1290680000
2001-07-06,2004.160034,1441420000
2001-07-09,2026.709961,1399630000
2001-07-10,1962.790039,1663970000
2001-07-11,1972.040039,1770290000
2001-07-12,2075.73999,1888690000
2001-07-13,2084.790039,1561760000
2001-07-16,2029.119995,1489350000
2001-07-17,2067.320068,1695690000
2001-07-18,2016.170044,1738120000
2001-07-19,2046.589966,1906220000
2001-07-20,2029.369995,1642120000
2001-07-23,1988.560059,1356540000
2001-07-24,1959.23999,1601500000
2001-07-25,1984.319946,1675490000
2001-07-26,2022.959961,1765390000
2001-07-27,2029.069946,1583800000
2001-07-30,2017.839966,1338230000
2001-07-31,2027.130005,1621790000
2001-08-01,2068.379883,1784220000
2001-08-02,2087.379883,1675930000
2001-08-03,2066.330078,1245120000
2001-08-06,2034.26001,1106550000
2001-08-07,2027.790039,1318020000
2001-08-08,1966.359985,1661690000
2001-08-09,1963.319946,1457150000
2001-08-10,1956.469971,1372690000
2001-08-13,1982.25,1147040000
2001-08-14,1964.530029,1231860000
2001-08-15,1918.890015,1463930000
2001-08-16,1930.319946,1613790000
2001-08-17,1867.01001,1301510000
2001-08-20,1881.349976,1165790000
2001-08-21,1831.300049,1325960000
2001-08-22,1860.01001,1550540000
2001-08-23,1842.969971,1456290000
2001-08-24,1916.800049,1495650000
2001-08-27,1912.410034,1195290000
2001-08-28,1864.97998,1433940000
2001-08-29,1843.170044,1466700000
2001-08-30,1791.680054,1734810000
2001-08-31,1805.430054,1232880000
2001-09-04,1770.780029,1536580000
2001-09-05,1759.01001,1950580000
2001-09-06,1705.640015,1887800000
2001-09-07,1687.699951,1712760000
2001-09-10,1695.380005,1612970000
2001-09-17,1579.550049,2254620000
2001-09-18,1555.079956,1864980000
2001-09-19,1527.800049,2464030000
2001-09-20,1470.930054,2804660000
2001-09-21,1423.189941,2588150000
2001-09-24,1499.400024,2052290000
2001-09-25,1501.640015,2181960000
2001-09-26,1464.040039,1760620000
2001-09-27,1460.709961,2043090000
2001-09-28,1498.800049,2114360000
2001-10-01,1480.459961,1505140000
2001-10-02,1492.329956,1784730000
2001-10-03,1580.810059,2713300000
2001-10-04,1597.310059,2558580000
2001-10-05,1605.300049,1836380000
2001-10-08,1605.949951,1417520000
2001-10-09,1570.189941,1527430000
2001-10-10,1626.26001,1857510000
2001-10-11,1701.469971,2532940000
2001-10-12,1703.400024,2185970000
2001-10-15,1696.310059,1586210000
2001-10-16,1722.069946,1843310000
2001-10-17,1646.339966,2292410000
2001-10-18,1652.719971,1793870000
2001-10-19,1671.310059,1591110000
2001-10-22,1708.079956,1530830000
2001-10-23,1704.439941,1839490000
2001-10-24,1731.540039,1895000000
2001-10-25,1775.469971,2259620000
2001-10-26,1768.959961,1999200000
2001-10-29,1699.52002,1659170000
2001-10-30,1667.410034,1778560000
2001-10-31,1690.199951,1897610000
2001-11-01,1746.300049,1784910000
2001-11-02,1745.72998,1643860000
2001-11-05,1793.650024,1734250000
2001-11-06,1835.079956,1945510000
2001-11-07,1837.530029,2065810000
2001-11-08,1827.77002,2300720000
2001-11-09,1828.47998,1524360000
2001-11-12,1840.130005,1594470000
2001-11-13,1892.109985,2189000000
2001-11-14,1903.189941,2175590000
2001-11-15,1900.569946,2025550000
2001-11-16,1898.579956,1714140000
2001-11-19,1934.420044,1924900000
2001-11-20,1880.51001,1988580000
2001-11-21,1875.050049,1577590000
2001-11-23,1903.199951,569820000
2001-11-26,1941.22998,1734130000
2001-11-27,1935.969971,2137420000
2001-11-28,1887.969971,1905150000
2001-11-29,1933.26001,1957120000
2001-11-30,1930.579956,1831850000
2001-12-03,1904.900024,1496760000
2001-12-04,1963.099976,1908630000
2001-12-05,2046.839966,2777500000
2001-12-06,2054.27002,2212470000
2001-12-07,2021.26001,1916720000
2001-12-10,1992.119995,1679480000
2001-12-11,2001.930054,1965200000
2001-12-12,2011.380005,1895290000
2001-12-13,1946.51001,2095820000
2001-12-14,1953.170044,1900020000
2001-12-17,1987.449951,1840920000
2001-12-18,2004.76001,1852020000
2001-12-19,1982.890015,1919850000
2001-12-20,1918.540039,2043110000
2001-12-21,1945.829956,2359670000
2001-12-24,1944.47998,564380000
2001-12-26,1960.699951,1127350000
2001-12-27,1976.420044,1241060000
2001-12-28,1987.26001,1328290000
2001-12-31,1950.400024,1414840000
2002-01-02,1979.25,1517670000
2002-01-03,2044.27002,2209630000
2002-01-04,2059.379883,2205610000
2002-01-07,2037.099976,2121110000
2002-01-08,2055.73999,1873670000
2002-01-09,2044.890015,2321450000
2002-01-10,2047.23999,1761640000
2002-01-11,2022.459961,1625530000
2002-01-14,1990.73999,1801650000
2002-01-15,2000.910034,1675150000
2002-01-16,1944.439941,1917270000
2002-01-17,1985.819946,1893110000
2002-01-18,1930.339966,1693010000
2002-01-22,1882.530029,1817220000
2002-01-23,1922.380005,1871120000
2002-01-24,1942.579956,1907870000
2002-01-25,1937.699951,1655310000
2002-01-28,1943.910034,1482080000
2002-01-29,1892.98999,1875380000
2002-01-30,1913.439941,2066970000
2002-01-31,1934.030029,1803530000
2002-02-01,1911.23999,1710000000
2002-02-04,1855.530029,1779030000
2002-02-05,1838.52002,2106870000
2002-02-06,1812.709961,2105480000
2002-02-07,1782.109985,1998300000
2002-02-08,1818.880005,1794710000
2002-02-11,1846.660034,1564830000
2002-02-12,1834.209961,1621680000
2002-02-13,1859.160034,1600740000
2002-02-14,1843.369995,1679410000
2002-02-15,1805.199951,1624720000
2002-02-19,1750.609985,1749170000
2002-02-20,1775.569946,1918210000
2002-02-21,1716.23999,1833750000
2002-02-22,1724.540039,1839340000
2002-02-25,1769.880005,1666850000
2002-02-26,1766.859985,1670530000
2002-02-27,1751.880005,1823440000
2002-02-28,1731.48999,1935630000
2002-03-01,1802.73999,1902520000
2002-03-04,1859.319946,2297630000
2002-03-05,1866.290039,2074650000
2002-03-06,1890.400024,1907080000
2002-03-07,1881.630005,1898190000
2002-03-08,1929.670044,2059420000
2002-03-11,1929.48999,1763950000
2002-03-12,1897.119995,1750150000
2002-03-13,1862.030029,1664240000
2002-03-14,1854.140015,1492130000
2002-03-15,1868.300049,1698800000
2002-03-18,1877.060059,1547190000
2002-03-19,1880.869995,1521620000
2002-03-20,1832.869995,1554640000
2002-03-21,1868.829956,1601590000
2002-03-22,1851.390015,1504960000
2002-03-25,1812.48999,1429310000
2002-03-26,1824.170044,1662170000
2002-03-27,1826.75,1624230000
2002-03-28,1845.349976,1664900000
2002-04-01,1862.619995,1554790000
2002-04-02,1804.400024,1701240000
2002-04-03,1784.349976,1704190000
2002-04-04,1789.75,1731670000
2002-04-05,1770.030029,1508100000
2002-04-08,1785.869995,1599200000
2002-04-09,1742.569946,1662760000
2002-04-10,1767.069946,1965420000
2002-04-11,1725.23999,1707140000
2002-04-12,1756.189941,1532480000
2002-04-15,1753.780029,1327230000
2002-04-16,1816.790039,1791490000
2002-04-17,1810.670044,1931060000
2002-04-18,1802.430054,1866140000
2002-04-19,1796.829956,1681640000
2002-04-22,1758.680054,1703120000
2002-04-23,1730.290039,1957900000
2002-04-24,1713.339966,1923230000
2002-04-25,1713.699951,1971760000
2002-04-26,1663.890015,1893790000
2002-04-29,1656.930054,1842550000
2002-04-30,1688.22998,2091610000
2002-05-01,1677.530029,2189110000
2002-05-02,1644.819946,2060340000
2002-05-03,1613.030029,1990950000
2002-05-06,1578.47998,1776080000
2002-05-07,1573.819946,2139130000
2002-05-08,1696.290039,2403240000
2002-05-09,1650.48999,1788460000
2002-05-10,1600.849976,1839130000
2002-05-13,1652.540039,1648780000
2002-05-14,1719.050049,2603120000
2002-05-15,1725.560059,2266100000
2002-05-16,1730.439941,1644660000
2002-05-17,1741.390015,1648910000
2002-05-20,1701.589966,1429300000
2002-05-21,1664.180054,1660880000
2002-05-22,1673.449951,1734730000
2002-05-23,1697.630005,1762570000
2002-05-24,1661.48999,1210890000
2002-05-28,1652.170044,1319250000
2002-05-29,1624.390015,1418900000
2002-05-30,1631.920044,1585850000
2002-05-31,1615.72998,1682430000
2002-06-03,1562.560059,1623120000
2002-06-04,1578.119995,1881400000
2002-06-05,1595.26001,1632920000
2002-06-06,1554.880005,1630260000
2002-06-07,1535.47998,2111740000
2002-06-10,1530.689941,1518260000
2002-06-11,1497.180054,1697040000
2002-06-12,1519.119995,2057320000
2002-06-13,1496.880005,1566910000
2002-06-14,1504.73999,1827730000
2002-06-17,1553.290039,1591840000
2002-06-18,1542.959961,1589760000
2002-06-19,1496.829956,1726700000
2002-06-20,1464.75,1709470000
2002-06-21,1440.959961,1962900000
2002-06-24,1460.339966,2050610000
2002-06-25,1423.98999,1880680000
2002-06-26,1429.329956,2061740000
2002-06-27,1459.199951,1942590000
2002-06-28,1463.209961,2575240000
2002-07-01,1403.800049,2320650000
2002-07-02,1357.819946,2722550000
2002-07-03,1380.170044,2661060000
2002-07-05,1448.359985,1120960000
2002-07-08,1405.609985,1708150000
2002-07-09,1381.119995,1704220000
2002-07-10,1346.01001,1846320000
2002-07-11,1374.430054,2298330000
2002-07-12,1373.5,2009340000
2002-07-15,1382.619995,2117700000
2002-07-16,1375.26001,2379260000
2002-07-17,1397.25,2338390000
2002-07-18,1356.949951,1842360000
2002-07-19,1319.150024,2396800000
2002-07-22,1282.650024,2014410000
2002-07-23,1229.050049,2238890000
2002-07-24,1290.22998,2167790000
2002-07-25,1240.079956,2353210000
2002-07-26,1262.119995,1691540000
2002-07-29,1335.25,1944170000
2002-07-30,1344.189941,1728270000
2002-07-31,1328.26001,1633300000
2002-08-01,1280.0,1548860000
2002-08-02,1247.920044,1419790000
2002-08-05,1206.01001,1336720000
2002-08-06,1259.550049,1535110000
2002-08-07,1280.900024,1542880000
2002-08-08,1316.52002,1523000000
2002-08-09,1306.119995,1313750000
2002-08-12,1306.839966,1054220000
2002-08-13,1269.280029,1570660000
2002-08-14,1334.300049,1629290000
2002-08-15,1345.01001,1642850000
2002-08-16,1361.01001,1389180000
2002-08-19,1394.540039,1489490000
2002-08-20,1376.589966,1396290000
2002-08-21,1409.25,1508530000
2002-08-22,1422.949951,1654080000
2002-08-23,1380.619995,1365830000
2002-08-26,1391.73999,1261360000
2002-08-27,1347.780029,1432360000
2002-08-28,1314.380005,1351500000
2002-08-29,1335.77002,1435190000
2002-08-30,1314.849976,1089820000
2002-09-03,1263.839966,1394260000
2002-09-04,1292.310059,1493510000
2002-09-05,1251.0,1520290000
2002-09-06,1295.300049,1320380000
2002-09-09,1304.599976,1247540000
2002-09-10,1320.089966,1441490000
2002-09-11,1315.449951,1075670000
2002-09-12,1279.680054,1192760000
2002-09-13,1291.400024,1265530000
2002-09-16,1275.880005,1097330000
2002-09-17,1259.939941,1500330000
2002-09-18,1252.130005,1570950000
2002-09-19,1216.449951,1521130000
2002-09-20,1221.089966,1796000000
2002-09-23,1184.930054,1443330000
2002-09-24,1182.170044,1666020000
2002-09-25,1222.290039,1691640000
2002-09-26,1221.609985,1664160000
2002-09-27,1199.160034,1444460000
2002-09-30,1172.060059,1682900000
2002-10-01,1213.719971,1707860000
2002-10-02,1187.300049,1763700000
2002-10-03,1165.560059,1647320000
2002-10-04,1139.900024,1587030000
2002-10-07,1119.400024,1409850000
2002-10-08,1129.219971,1836990000
2002-10-09,1114.109985,1755730000
2002-10-10,1163.369995,1837940000
2002-10-11,1210.469971,1915390000
2002-10-14,1220.530029,1204240000
2002-10-15,1282.439941,2009640000
2002-10-16,1232.420044,1585220000
2002-10-17,1272.290039,1822740000
2002-10-18,1287.859985,1665970000
2002-10-21,1309.670044,1572970000
2002-10-22,1292.800049,1723340000
2002-10-23,1320.22998,1598320000
2002-10-24,1298.709961,1944060000
2002-10-25,1331.130005,1470040000
2002-10-28,1315.829956,1636190000
2002-10-29,1300.540039,1598410000
2002-10-30,1326.72998,1675530000
2002-10-31,1329.75,1761680000
2002-11-01,1360.699951,1842870000
2002-11-04,1396.540039,2372480000
2002-11-05,1401.170044,1704780000
2002-11-06,1418.98999,2189420000
2002-11-07,1376.709961,1758820000
2002-11-08,1359.280029,1603460000
2002-11-11,1319.189941,1267420000
2002-11-12,1349.560059,1559650000
2002-11-13,1361.329956,1901380000
2002-11-14,1411.52002,1756210000
2002-11-15,1411.140015,1700890000
2002-11-18,1393.689941,1766300000
2002-11-19,1374.51001,1620330000
2002-11-20,1419.349976,1771370000
2002-11-21,1467.550049,2441730000
2002-11-22,1468.73999,1960160000
2002-11-25,1481.900024,1952400000
2002-11-26,1444.430054,1927670000
2002-11-27,1487.939941,1734500000
2002-11-29,1478.780029,841810000
2002-12-02,1484.780029,1925550000
2002-12-03,1448.959961,1651510000
2002-12-04,1430.349976,1886070000
2002-12-05,1410.75,1462340000
2002-12-06,1422.439941,1529800000
2002-12-09,1367.140015,1496820000
2002-12-10,1390.76001,1470250000
2002-12-11,1396.589966,1423880000
2002-12-12,1399.550049,1408220000
2002-12-13,1362.420044,1371410000
2002-12-16,1400.329956,1406210000
2002-12-17,1392.050049,1336750000
2002-12-18,1361.51001,1529600000
2002-12-19,1354.099976,1654540000
2002-12-20,1363.050049,1992120000
2002-12-23,1381.689941,1193060000
2002-12-24,1372.469971,523880000
2002-12-26,1367.890015,812310000
2002-12-27,1348.310059,804960000
2002-12-30,1339.540039,1076580000
2002-12-31,1335.51001,1166770000
2003-01-02,1384.849976,1287540000
2003-01-03,1387.079956,1149590000
2003-01-06,1421.319946,1567690000
2003-01-07,1431.569946,1755760000
2003-01-08,1401.069946,1457010000
2003-01-09,1438.459961,1685990000
2003-01-10,1447.719971,1652320000
2003-01-13,1446.040039,1376040000
2003-01-14,1460.98999,1329340000
2003-01-15,1438.800049,1513080000
2003-01-16,1423.75,1366550000
2003-01-17,1376.189941,1433840000
2003-01-21,1364.25,1355410000
2003-01-22,1359.47998,1477520000
2003-01-23,1388.27002,1566510000
2003-01-24,1342.140015,1568350000
2003-01-27,1325.27002,1440300000
2003-01-28,1342.180054,1406660000
2003-01-29,1358.060059,1507590000
2003-01-30,1322.349976,1446130000
2003-01-31,1320.910034,1554810000
2003-02-03,1323.790039,1256550000
2003-02-04,1306.150024,1368150000
2003-02-05,1301.5,1367130000
2003-02-06,1301.72998,1219320000
2003-02-07,1282.469971,1228850000
2003-02-10,1296.680054,1216440000
2003-02-11,1295.459961,1296190000
2003-02-12,1278.969971,1231070000
2003-02-13,1277.439941,1310440000
2003-02-14,1310.170044,1315410000
2003-02-18,1346.540039,1303930000
2003-02-19,1334.319946,1179700000
2003-02-20,1331.22998,1320410000
2003-02-21,1349.02002,1342440000
2003-02-24,1322.380005,1222480000
2003-02-25,1328.97998,1395960000
2003-02-26,1303.680054,1207090000
2003-02-27,1323.939941,1238110000
2003-02-28,1337.52002,1354370000
2003-03-03,1320.290039,1253490000
2003-03-04,1307.77002,1221830000
2003-03-05,1314.400024,1360590000
2003-03-06,1302.890015,1262310000
2003-03-07,1305.290039,1436040000
2003-03-10,1278.369995,1119970000
2003-03-11,1271.469971,1251740000
2003-03-12,1279.23999,1533600000
2003-03-13,1340.77002,1789080000
2003-03-14,1340.329956,1611050000
2003-03-17,1392.27002,1886510000
2003-03-18,1400.550049,1632220000
2003-03-19,1397.069946,1694670000
2003-03-20,1402.77002,1596740000
2003-03-21,1421.839966,1911550000
2003-03-24,1369.780029,1317380000
2003-03-25,1391.01001,1437240000
2003-03-26,1387.449951,1418520000
2003-03-27,1384.25,1441300000
2003-03-28,1369.599976,1364880000
2003-03-31,1341.170044,1596280000
2003-04-01,1348.300049,1412110000
2003-04-02,1396.719971,1609690000
2003-04-03,1396.579956,1445510000
2003-04-04,1383.51001,1366800000
2003-04-07,1389.51001,1516080000
2003-04-08,1382.939941,1312770000
2003-04-09,1356.73999,1312000000
2003-04-10,1365.609985,1235410000
2003-04-11,1358.849976,1237570000
2003-04-14,1384.949951,1173640000
2003-04-15,1391.01001,1295900000
2003-04-16,1394.719971,1551600000
2003-04-17,1425.5,1644000000
2003-04-21,1424.369995,1271170000
2003-04-22,1451.359985,1614310000
2003-04-23,1466.160034,1818020000
2003-04-24,1457.22998,1661540000
2003-04-25,1434.540039,1515730000
2003-04-28,1462.23999,1477750000
2003-04-29,1471.300049,1670600000
2003-04-30,1464.310059,1619230000
2003-05-01,1472.560059,1473860000
2003-05-02,1502.880005,1826120000
2003-05-05,1504.040039,1932030000
2003-05-06,1523.709961,2139720000
2003-05-07,1506.76001,1927720000
2003-05-08,1489.689941,1619000000
2003-05-09,1520.150024,1545190000
2003-05-12,1541.400024,1796940000
2003-05-13,1539.680054,1856230000
2003-05-14,1534.900024,1816790000
2003-05-15,1551.380005,1982130000
2003-05-16,1538.530029,1783450000
2003-05-19,1492.77002,1684210000
2003-05-20,1491.089966,1699750000
2003-05-21,1489.869995,1588960000
2003-05-22,1507.550049,1783870000
2003-05-23,1510.089966,1448770000
2003-05-27,1556.689941,1932760000
2003-05-28,1563.23999,2042270000
2003-05-29,1574.949951,2228880000
2003-05-30,1595.910034,2314660000
2003-06-02,1590.75,2517530000
2003-06-03,1603.560059,2067880000
2003-06-04,1634.650024,2515710000
2003-06-05,1646.01001,2449080000
2003-06-06,1627.420044,2962610000
2003-06-09,1603.969971,1856700000
2003-06-10,1627.670044,1791650000
2003-06-11,1646.02002,1932200000
2003-06-12,1653.619995,1790700000
2003-06-13,1626.48999,1813140000
2003-06-16,1666.579956,1912560000
2003-06-17,1668.439941,1968630000
2003-06-18,1677.140015,2082080000
2003-06-19,1648.640015,1957720000
2003-06-20,1644.719971,1767110000
2003-06-23,1610.75,1694940000
2003-06-24,1605.609985,1619510000
2003-06-25,1602.660034,1563620000
2003-06-26,1634.01001,1560860000
2003-06-27,1625.26001,1553940000
2003-06-30,1622.800049,1792820000
2003-07-01,1640.130005,1711820000
2003-07-02,1678.72998,1866650000
2003-07-03,1663.459961,944910000
2003-07-07,1720.709961,1836380000
2003-07-08,1746.459961,2018490000
2003-07-09,1747.459961,2113620000
2003-07-10,1715.859985,1733800000
2003-07-11,1733.930054,1516880000
2003-07-14,1754.819946,1973180000
2003-07-15,1753.209961,1915630000
2003-07-16,1747.969971,1920560000
2003-07-17,1698.02002,1912680000
2003-07-18,1708.5,1602890000
2003-07-21,1681.410034,1459310000
2003-07-22,1706.099976,1749720000
2003-07-23,1719.180054,1834980000
2003-07-24,1701.420044,1901240000
2003-07-25,1730.699951,1587980000
2003-07-28,1735.359985,1535820000
2003-07-29,1731.369995,1703800000
2003-07-30,1720.910034,1513760000
2003-07-31,1735.02002,1858470000
2003-08-01,1715.619995,1484040000
2003-08-04,1714.060059,1573410000
2003-08-05,1673.5,1743380000
2003-08-06,1652.680054,1862270000
2003-08-07,1652.180054,1638040000
2003-08-08,1644.030029,1336330000
2003-08-11,1661.51001,1203780000
2003-08-12,1687.01001,1329840000
2003-08-13,1686.609985,1449200000
2003-08-14,1700.339966,1311570000
2003-08-15,1702.01001,703950000
2003-08-18,1739.48999,1476310000
2003-08-19,1761.109985,1724390000
2003-08-20,1760.540039,1506760000
2003-08-21,1777.550049,1722470000
2003-08-22,1765.319946,1705200000
2003-08-25,1764.310059,1117840000
2003-08-26,1770.650024,1382860000
2003-08-27,1782.130005,1349730000
2003-08-28,1800.180054,1466510000
2003-08-29,1810.449951,1206180000
2003-09-02,1841.47998,1773780000
2003-09-03,1852.900024,2333120000
2003-09-04,1868.969971,1886580000
2003-09-05,1858.23999,1952040000
2003-09-08,1888.619995,2032940000
2003-09-09,1873.430054,2220160000
2003-09-10,1823.810059,2001600000
2003-09-11,1846.089966,1748050000
2003-09-12,1855.030029,1713770000
2003-09-15,1845.699951,1463950000
2003-09-16,1887.25,1788770000
2003-09-17,1883.099976,1903800000
2003-09-18,1909.550049,2011010000
2003-09-19,1905.699951,1885000000
2003-09-22,1874.619995,1720080000
2003-09-23,1901.719971,1868800000
2003-09-24,1843.699951,2207970000
2003-09-25,1817.23999,2033060000
2003-09-26,1792.069946,1841530000
2003-09-29,1824.560059,1666930000
2003-09-30,1786.939941,1864240000
2003-10-01,1832.25,1821740000
2003-10-02,1836.219971,1604090000
2003-10-03,1880.569946,2014580000
2003-10-06,1893.459961,1375810000
2003-10-07,1907.849976,1840280000
2003-10-08,1893.780029,1801870000
2003-10-09,1911.900024,2083460000
2003-10-10,1915.310059,1464990000
2003-10-13,1933.530029,1498730000
2003-10-14,1943.189941,1757290000
2003-10-15,1939.099976,2017190000
2003-10-16,1950.140015,1765870000
2003-10-17,1912.359985,1747150000
2003-10-20,1925.140015,1537390000
2003-10-21,1940.900024,1735740000
2003-10-22,1898.069946,1711460000
2003-10-23,1885.51001,1937090000
2003-10-24,1865.589966,1957040000
2003-10-27,1882.910034,1518680000
2003-10-28,1932.26001,2076260000
2003-10-29,1936.560059,1968120000
2003-10-30,1932.689941,2158840000
2003-10-31,1932.209961,1833200000
2003-11-03,1967.699951,2089430000
2003-11-04,1957.969971,2081990000
2003-11-05,1959.369995,2018140000
2003-11-06,1976.369995,2141830000
2003-11-07,1970.73999,1957330000
2003-11-10,1941.640015,1750150000
2003-11-11,1930.75,1637810000
2003-11-12,1973.109985,1837190000
2003-11-13,1967.349976,1871860000
2003-11-14,1930.26001,1829730000
2003-11-17,1909.609985,1861100000
2003-11-18,1881.75,1898710000
2003-11-19,1899.650024,1798010000
2003-11-20,1881.920044,1799100000
2003-11-21,1893.880005,1621590000
2003-11-24,1947.140015,1791020000
2003-11-25,1943.040039,1836350000
2003-11-26,1953.310059,1524790000
2003-11-28,1960.26001,703800000
2003-12-01,1989.819946,1840020000
2003-12-02,1980.069946,1802760000
2003-12-03,1960.25,2241590000
2003-12-04,1968.800049,2114230000
2003-12-05,1937.819946,1665920000
2003-12-08,1948.849976,1583730000
2003-12-09,1908.319946,1813530000
2003-12-10,1904.650024,1946310000
2003-12-11,1942.319946,1807550000
2003-12-12,1949.0,1457100000
2003-12-15,1918.26001,1815500000
2003-12-16,1924.290039,1811430000
2003-12-17,1921.329956,1501340000
2003-12-18,1956.180054,1714080000
2003-12-19,1951.02002,1844570000
2003-12-22,1955.800049,1283590000
2003-12-23,1974.780029,1321000000
2003-12-24,1969.22998,642630000
2003-12-26,1973.140015,530810000
2003-12-29,2006.47998,1413210000
2003-12-30,2009.880005,1544270000
2003-12-31,2003.369995,1775710000
2004-01-02,2006.680054,1666780000
2004-01-05,2047.359985,2362910000
2004-01-06,2057.370117,2273220000
2004-01-07,2077.679932,2294280000
2004-01-08,2100.25,2683950000
2004-01-09,2086.919922,2482760000
2004-01-12,2111.780029,2284010000
2004-01-13,2096.439941,2385700000
2004-01-14,2111.129883,2099970000
2004-01-15,2109.080078,2235590000
2004-01-16,2140.459961,2614390000
2004-01-20,2147.97998,2574190000
2004-01-21,2142.449951,2421860000
2004-01-22,2119.01001,2353370000
2004-01-23,2123.870117,2253910000
2004-01-26,2153.830078,1946050000
2004-01-27,2116.040039,2151260000
2004-01-28,2077.370117,2319550000
2004-01-29,2068.22998,2637760000
2004-01-30,2066.149902,1931180000
2004-02-02,2063.149902,1915680000
2004-02-03,2066.209961,1844840000
2004-02-04,2014.140015,2267580000
2004-02-05,2019.560059,1956030000
2004-02-06,2064.01001,1855510000
2004-02-09,2060.570068,1745350000
2004-02-10,2075.330078,1656760000
2004-02-11,2089.659912,2185700000
2004-02-12,2073.610107,1937690000
2004-02-13,2053.560059,1818020000
2004-02-17,2080.350098,1618060000
2004-02-18,2076.469971,1781240000
2004-02-19,2045.959961,2065540000
2004-02-20,2037.930054,1914330000
2004-02-23,2007.52002,1953330000
2004-02-24,2005.439941,2069420000
2004-02-25,2022.97998,1707140000
2004-02-26,2032.569946,1752840000
2004-02-27,2029.819946,1871780000
2004-03-01,2057.800049,1697920000
2004-03-02,2039.650024,1871950000
2004-03-03,2033.359985,1814850000
2004-03-04,2055.110107,1799070000
2004-03-05,2047.630005,2045230000
2004-03-08,2008.780029,2044260000
2004-03-09,1995.160034,2105450000
2004-03-10,1964.150024,2159820000
2004-03-11,1943.890015,2191370000
2004-03-12,1984.72998,1707130000
2004-03-15,1939.199951,1723290000
2004-03-16,1943.089966,1963640000
2004-03-17,1976.76001,1678770000
2004-03-18,1962.439941,1677760000
2004-03-19,1940.469971,1645680000
2004-03-22,1909.900024,1982240000
2004-03-23,1901.800049,1835180000
2004-03-24,1909.47998,1839440000
2004-03-25,1967.170044,1968620000
2004-03-26,1960.02002,1579820000
2004-03-29,1992.569946,1706000000
2004-03-30,2000.630005,1598550000
2004-03-31,1994.219971,1861460000
2004-04-01,2015.01001,1833430000
2004-04-02,2057.169922,2183740000
2004-04-05,2079.120117,1736300000
2004-04-06,2059.899902,1811100000
2004-04-07,2050.23999,1774960000
2004-04-08,2052.879883,1694140000
2004-04-12,2065.47998,1501360000
2004-04-13,2030.079956,1953240000
2004-04-14,2024.849976,1832200000
2004-04-15,2002.170044,1956010000
2004-04-16,1995.73999,1870420000
2004-04-19,2020.430054,1672830000
2004-04-20,1978.630005,1921740000
2004-04-21,1995.630005,2053970000
2004-04-22,2032.910034,2147870000
2004-04-23,2049.77002,1927300000
2004-04-26,2036.77002,1727680000
2004-04-27,2032.530029,1971610000
2004-04-28,1989.540039,2037420000
2004-04-29,1958.780029,2371070000
2004-04-30,1920.150024,2174730000
2004-05-03,1938.719971,1932490000
2004-05-04,1950.47998,1857530000
2004-05-05,1957.26001,1586660000
2004-05-06,1937.73999,1750770000
2004-05-07,1917.959961,1637090000
2004-05-10,1896.069946,1895630000
2004-05-11,1931.349976,1645220000
2004-05-12,1925.589966,1887780000
2004-05-13,1926.030029,1558620000
2004-05-14,1904.25,1526360000
2004-05-17,1876.640015,1528890000
2004-05-18,1897.819946,1435100000
2004-05-19,1898.170044,1834960000
2004-05-20,1896.589966,1540900000
2004-05-21,1912.089966,1376620000
2004-05-24,1922.97998,1422080000
2004-05-25,1964.650024,1770600000
2004-05-26,1976.150024,1591030000
2004-05-27,1984.5,1641260000
2004-05-28,1986.73999,1233190000
2004-06-01,1990.77002,1459030000
2004-06-02,1988.97998,1520120000
2004-06-03,1960.26001,1526670000
2004-06-04,1978.619995,1417600000
2004-06-07,2020.619995,1485300000
2004-06-08,2023.530029,1464790000
2004-06-09,1990.609985,1520200000
2004-06-10,1999.869995,1345640000
2004-06-14,1969.98999,1402630000
2004-06-15,1995.599976,1527280000
2004-06-16,1998.22998,1353130000
2004-06-17,1983.670044,1449920000
2004-06-18,1986.72998,1697770000
2004-06-21,1974.380005,1363000000
2004-06-22,1994.150024,1660890000
2004-06-23,2020.97998,1803560000
2004-06-24,2015.569946,1685690000
2004-06-25,2025.469971,1972100000
2004-06-28,2019.819946,1611080000
2004-06-29,2034.930054,1581530000
2004-06-30,2047.790039,1754160000
2004-07-01,2015.550049,1739310000
2004-07-02,2006.660034,1200230000
2004-07-06,1963.430054,1927550000
2004-07-07,1966.079956,1762310000
2004-07-08,1935.319946,1789150000
2004-07-09,1946.329956,1388750000
2004-07-12,1936.920044,1504000000
2004-07-13,1931.660034,1499660000
2004-07-14,1914.880005,1461800000
2004-07-15,1912.709961,1669940000
2004-07-16,1883.150024,2099400000
2004-07-19,1883.829956,1774620000
2004-07-20,1917.069946,1628240000
2004-07-21,1874.369995,2109750000
2004-07-22,1889.060059,1964570000
2004-07-23,1849.089966,1697910000
2004-07-26,1839.02002,1667060000
2004-07-27,1869.099976,1769400000
2004-07-28,1858.26001,1847380000
2004-07-29,1881.060059,1703350000
2004-07-30,1887.359985,1507320000
2004-08-02,1892.089966,1533970000
2004-08-03,1859.420044,1494480000
2004-08-04,1855.060059,1659390000
2004-08-05,1821.630005,1574660000
2004-08-06,1776.890015,1692260000
2004-08-09,1774.640015,1263490000
2004-08-10,1808.699951,1468460000
2004-08-11,1782.420044,1794260000
2004-08-12,1752.48999,1632660000
2004-08-13,1757.219971,1347750000
2004-08-16,1782.839966,1289730000
2004-08-17,1795.25,1390280000
2004-08-18,1831.369995,1575050000
2004-08-19,1819.890015,1416730000
2004-08-20,1838.02002,1342650000
2004-08-23,1838.699951,1224660000
2004-08-24,1836.890015,1301090000
2004-08-25,1860.719971,1320640000
2004-08-26,1852.920044,1183830000
2004-08-27,1862.089966,1011070000
2004-08-30,1836.48999,1007640000
2004-08-31,1838.099976,1298910000
2004-09-01,1850.410034,1426350000
2004-09-02,1873.430054,1208770000
2004-09-03,1844.47998,1244610000
2004-09-07,1858.560059,1320700000
2004-09-08,1850.640015,1442540000
2004-09-09,1869.650024,1663790000
2004-09-10,1894.310059,1606650000
2004-09-13,1910.380005,1741080000
2004-09-14,1915.400024,1509260000
2004-09-15,1896.52002,1575500000
2004-09-16,1904.079956,1325500000
2004-09-17,1910.089966,1640370000
2004-09-20,1908.069946,1565540000
2004-09-21,1921.180054,1531560000
2004-09-22,1885.709961,1588290000
2004-09-23,1886.430054,1396810000
2004-09-24,1879.47998,1360090000
2004-09-27,1859.880005,1316790000
2004-09-28,1869.869995,1536980000
2004-09-29,1893.939941,1637280000
2004-09-30,1896.839966,1656620000
2004-10-01,1942.199951,1820300000
2004-10-04,1952.400024,1854970000
2004-10-05,1955.5,1709600000
2004-10-06,1971.030029,1922870000
2004-10-07,1948.52002,1734970000
2004-10-08,1919.969971,1668940000
2004-10-11,1928.76001,1173820000
2004-10-12,1925.170044,1508390000
2004-10-13,1920.530029,1776120000
2004-10-14,1903.02002,1590290000
2004-10-15,1911.5,1648280000
2004-10-18,1936.52002,1505000000
2004-10-19,1922.900024,1713330000
2004-10-20,1932.969971,1650470000
2004-10-21,1953.619995,2006000000
2004-10-22,1915.140015,1737960000
2004-10-25,1914.040039,1603830000
2004-10-26,1928.790039,1812550000
2004-10-27,1969.98999,2075920000
2004-10-28,1975.73999,1821820000
2004-10-29,1974.98999,1639950000
2004-11-01,1979.869995,1522820000
2004-11-02,1984.790039,1845080000
2004-11-03,2004.329956,1957400000
2004-11-04,2023.630005,1823490000
2004-11-05,2038.939941,1908970000
2004-11-08,2039.25,1609270000
2004-11-09,2043.329956,1692200000
2004-11-10,2034.560059,1853460000
2004-11-11,2061.27002,1764760000
2004-11-12,2085.340088,2004310000
2004-11-15,2094.090088,1888260000
2004-11-16,2078.620117,1901080000
2004-11-17,2099.679932,2223370000
2004-11-18,2104.280029,1915430000
2004-11-19,2070.629883,2033710000
2004-11-22,2085.189941,1897960000
2004-11-23,2084.280029,2057620000
2004-11-24,2102.540039,1638170000
2004-11-26,2101.969971,667760000
2004-11-29,2106.870117,1844330000
2004-11-30,2096.810059,1878760000
2004-12-01,2138.22998,2281640000
2004-12-02,2143.570068,2401610000
2004-12-03,2147.959961,2410930000
2004-12-06,2151.25,2150250000
2004-12-07,2114.659912,2671520000
2004-12-08,2126.110107,2390860000
2004-12-09,2129.01001,2284150000
2004-12-10,2128.070068,1794840000
2004-12-13,2148.5,2070980000
2004-12-14,2159.840088,2228670000
2004-12-15,2162.550049,2337590000
2004-12-16,2146.149902,2396220000
2004-12-17,2135.199951,2423080000
2004-12-20,2127.850098,1991460000
2004-12-21,2150.909912,1972860000
2004-12-22,2157.030029,1802760000
2004-12-23,2160.620117,1430770000
2004-12-27,2154.219971,1478700000
2004-12-28,2177.189941,1587550000
2004-12-29,2177.0,1503880000
2004-12-30,2178.340088,1403140000
2004-12-31,2175.439941,1366460000
2005-01-03,2152.149902,2193130000
2005-01-04,2107.860107,2690460000
2005-01-05,2091.23999,2375380000
2005-01-06,2090.0,2174220000
2005-01-07,2088.610107,2191910000
2005-01-10,2097.040039,2098270000
2005-01-11,2079.620117,2210240000
2005-01-12,2092.530029,2257670000
2005-01-13,2070.560059,2111610000
2005-01-14,2087.909912,2084860000
2005-01-18,2106.040039,1983840000
2005-01-19,2073.590088,2217700000
2005-01-20,2045.880005,2231360000
2005-01-21,2034.27002,2043770000
2005-01-24,2008.699951,2134680000
2005-01-25,2019.949951,2003630000
2005-01-26,2046.089966,2105070000
2005-01-27,2047.150024,2106220000
2005-01-28,2035.829956,2098150000
2005-01-31,2062.409912,1823800000
2005-02-01,2068.699951,1904570000
2005-02-02,2075.060059,1965550000
2005-02-03,2057.639893,1962750000
2005-02-04,2086.659912,1941510000
2005-02-07,2082.030029,1698460000
2005-02-08,2086.679932,1943560000
2005-02-09,2052.550049,1958810000
2005-02-10,2053.100098,2085500000
2005-02-11,2076.659912,2163630000
2005-02-14,2082.909912,1639640000
2005-02-15,2089.209961,2071590000
2005-02-16,2087.429932,1865070000
2005-02-17,2061.340088,1950460000
2005-02-18,2058.620117,1614160000
2005-02-22,2030.319946,2056220000
2005-02-23,2031.25,1878450000
2005-02-24,2051.699951,2031880000
2005-02-25,2065.399902,1771200000
2005-02-28,2051.719971,2130140000
2005-03-01,2071.25,1941180000
2005-03-02,2067.5,2004470000
2005-03-03,2058.399902,1895880000
2005-03-04,2070.610107,1829190000
2005-03-07,2090.209961,1949190000
2005-03-08,2073.550049,1696700000
2005-03-09,2061.290039,1895520000
2005-03-10,2059.719971,1825790000
2005-03-11,2041.599976,1792090000
2005-03-14,2051.040039,1707720000
2005-03-15,2034.97998,1838790000
2005-03-16,2015.75,1969690000
2005-03-17,2016.420044,1745120000
2005-03-18,2007.790039,2106980000
2005-03-21,2007.51001,1611000000
2005-03-22,1989.339966,1805950000
2005-03-23,1990.219971,1741150000
2005-03-24,1991.060059,1697930000
2005-03-28,1992.52002,1487620000
2005-03-29,1973.880005,1797840000
2005-03-30,2005.670044,1753610000
2005-03-31,1999.22998,1686970000
2005-04-01,1984.810059,1869690000
2005-04-04,1991.069946,1589310000
2005-04-05,1999.319946,1647510000
2005-04-06,1999.140015,1746400000
2005-04-07,2018.790039,1714270000
2005-04-08,1999.349976,1516340000
2005-04-11,1992.119995,1382490000
2005-04-12,2005.400024,1931870000
2005-04-13,1974.369995,1705450000
2005-04-14,1946.709961,1930060000
2005-04-15,1908.150024,2314620000
2005-04-18,1912.920044,1840360000
2005-04-19,1932.359985,1792830000
2005-04-20,1913.76001,2004950000
2005-04-21,1962.410034,1951490000
2005-04-22,1932.189941,1802730000
2005-04-25,1950.780029,1442420000
2005-04-26,1927.439941,1670040000
2005-04-27,1930.430054,1764210000
2005-04-28,1904.180054,1861340000
2005-04-29,1921.650024,2039550000
2005-05-02,1928.650024,1547750000
2005-05-03,1933.069946,1868140000
2005-05-04,1962.22998,1877820000
2005-05-05,1961.800049,1719880000
2005-05-06,1967.349976,1511120000
2005-05-09,1979.670044,1441010000
2005-05-10,1962.77002,1595520000
2005-05-11,1971.550049,1716160000
2005-05-12,1963.880005,1783430000
2005-05-13,1976.780029,1878980000
2005-05-16,1994.430054,1390290000
2005-05-17,2004.150024,1520510000
2005-05-18,2030.650024,1957880000
2005-05-19,2042.579956,1700580000
2005-05-20,2046.420044,1492720000
2005-05-23,2056.649902,1620130000
2005-05-24,2061.620117,1695940000
2005-05-25,2050.120117,1493000000
2005-05-26,2071.23999,1596460000
2005-05-27,2075.72998,1237350000
2005-05-31,2068.219971,1578740000
2005-06-01,2087.860107,1779710000
2005-06-02,2097.800049,1746620000
2005-06-03,2071.429932,1637900000
2005-06-06,2075.76001,1477150000
2005-06-07,2067.159912,1846530000
2005-06-08,2060.179932,1602540000
2005-06-09,2076.909912,1666670000
2005-06-10,2063.0,1449380000
2005-06-13,2068.959961,1432130000
2005-06-14,2069.040039,1405850000
2005-06-15,2074.919922,1672670000
2005-06-16,2089.149902,1793020000
2005-06-17,2090.110107,1993280000
2005-06-20,2088.129883,1408110000
2005-06-21,2091.070068,1557480000
2005-06-22,2092.030029,1668440000
2005-06-23,2070.659912,2009480000
2005-06-24,2053.27002,2151000000
2005-06-27,2045.199951,1448300000
2005-06-28,2069.889893,1584200000
2005-06-29,2068.889893,1640360000
2005-06-30,2056.959961,1731500000
2005-07-01,2057.370117,1176200000
2005-07-05,2078.75,1440300000
2005-07-06,2068.649902,1592080000
2005-07-07,2075.659912,1617860000
2005-07-08,2112.879883,1685280000
2005-07-11,2135.429932,1770800000
2005-07-12,2143.149902,1657520000
2005-07-13,2144.110107,1540000000
2005-07-14,2152.820068,1872310000
2005-07-15,2156.780029,1534960000
2005-07-18,2144.870117,1307270000
2005-07-19,2173.179932,1632670000
2005-07-20,2188.570068,1957070000
2005-07-21,2178.600098,2034880000
2005-07-22,2179.73999,1660360000
2005-07-25,2166.73999,1523020000
2005-07-26,2175.98999,1651840000
2005-07-27,2186.219971,1750070000
2005-07-28,2198.439941,1683870000
2005-07-29,2184.830078,1613950000
2005-08-01,2195.379883,1492680000
2005-08-02,2218.149902,1735020000
2005-08-03,2216.810059,1752440000
2005-08-04,2191.320068,1591380000
2005-08-05,2177.909912,1471740000
2005-08-08,2164.389893,1431010000
2005-08-09,2174.189941,1460470000
2005-08-10,2157.810059,1817680000
2005-08-11,2174.550049,1582090000
2005-08-12,2156.899902,1551410000
2005-08-15,2167.040039,1380460000
2005-08-16,2137.060059,1540320000
2005-08-17,2145.149902,1518010000
2005-08-18,2136.080078,1391780000
2005-08-19,2135.560059,1205270000
2005-08-22,2141.409912,1351650000
2005-08-23,2137.25,1341270000
2005-08-24,2128.909912,1718580000
2005-08-25,2134.370117,1307580000
2005-08-26,2120.77002,1261130000
2005-08-29,2137.649902,1268560000
2005-08-30,2129.76001,1436400000
2005-08-31,2152.090088,1631780000
2005-09-01,2147.899902,1623320000
2005-09-02,2141.070068,1130450000
2005-09-06,2166.860107,1403190000
2005-09-07,2172.030029,1480820000
2005-09-08,2166.030029,1578070000
2005-09-09,2175.51001,1617540000
2005-09-12,2182.830078,1723540000
2005-09-13,2171.75,1724570000
2005-09-14,2149.330078,1698250000
2005-09-15,2146.149902,1744660000
2005-09-16,2160.350098,2269030000
2005-09-19,2145.26001,1604140000
2005-09-20,2131.330078,1845670000
2005-09-21,2106.639893,1772370000
2005-09-22,2110.780029,1692930000
2005-09-23,2116.840088,1604120000
2005-09-26,2121.459961,1502410000
2005-09-27,2116.419922,1658660000
2005-09-28,2115.399902,1703850000
2005-09-29,2141.219971,1801520000
2005-09-30,2151.689941,1610970000
2005-10-03,2155.429932,1794420000
2005-10-04,2139.360107,2005300000
2005-10-05,2103.02002,1923900000
2005-10-06,2084.080078,2107360000
2005-10-07,2090.350098,1444780000
2005-10-10,2078.919922,1379210000
2005-10-11,2061.090088,1851960000
2005-10-12,2037.469971,2014750000
2005-10-13,2047.219971,1777590000
2005-10-14,2064.830078,1555430000
2005-10-17,2070.300049,1266030000
2005-10-18,2056.0,1460730000
2005-10-19,2091.23999,1893300000
2005-10-20,2068.110107,1797930000
2005-10-21,2082.209961,1770700000
2005-10-24,2115.830078,1551470000
2005-10-25,2109.449951,1599120000
2005-10-26,2100.050049,1832000000
2005-10-27,2063.810059,1718600000
2005-10-28,2089.879883,1886560000
2005-10-31,2120.300049,1869760000
2005-11-01,2114.050049,1903230000
2005-11-02,2144.310059,2173290000
2005-11-03,2160.219971,2346250000
2005-11-04,2169.429932,1699610000
2005-11-07,2178.23999,1621120000
2005-11-08,2172.070068,1599370000
2005-11-09,2175.810059,1594180000
2005-11-10,2196.679932,1938030000
2005-11-11,2202.469971,1454900000
2005-11-14,2200.949951,1385360000
2005-11-15,2186.73999,1684810000
2005-11-16,2187.929932,1721760000
2005-11-17,2220.459961,1809860000
2005-11-18,2227.070068,1993850000
2005-11-21,2241.669922,1661890000
2005-11-22,2253.560059,1856560000
2005-11-23,2259.97998,1585710000
2005-11-25,2263.01001,635420000
2005-11-28,2239.370117,1559380000
2005-11-29,2232.709961,1753540000
2005-11-30,2232.820068,1876080000
2005-12-01,2267.169922,2010420000
2005-12-02,2273.370117,1758510000
2005-12-05,2257.639893,1659920000
2005-12-06,2260.76001,1788200000
2005-12-07,2252.01001,1733530000
2005-12-08,2246.459961,1908360000
2005-12-09,2256.72998,1658570000
2005-12-12,2260.949951,1679280000
2005-12-13,2265.0,1873980000
2005-12-14,2262.590088,1676210000
2005-12-15,2260.629883,1804630000
2005-12-16,2252.47998,2294480000
2005-12-19,2222.73999,1745530000
2005-12-20,2222.419922,1702920000
2005-12-21,2231.659912,1630030000
2005-12-22,2246.48999,1498880000
2005-12-23,2249.419922,978370000
2005-12-27,2226.889893,1250500000
2005-12-28,2228.939941,1221540000
2005-12-29,2218.159912,1185350000
2005-12-30,2205.320068,1284050000
