Date,Adj Close
1995-01-03,743.580017
1995-01-04,745.840027
1995-01-05,745.659973
1995-01-06,749.690002
1995-01-09,752.090027
1995-01-10,756.52002
1995-01-11,755.73999
1995-01-12,756.51001
1995-01-13,762.159973
1995-01-16,768.159973
1995-01-17,772.140015
1995-01-18,772.380005
1995-01-19,768.549988
1995-01-20,762.049988
1995-01-23,759.51001
1995-01-24,763.200012
1995-01-25,760.97998
1995-01-26,757.559998
1995-01-27,758.909973
1995-01-30,751.830017
1995-01-31,755.200012
1995-02-01,758.309998
1995-02-02,763.640015
1995-02-03,772.059998
1995-02-06,778.849976
1995-02-07,778.969971
1995-02-08,783.77002
1995-02-09,785.440002
1995-02-10,790.429993
1995-02-13,789.419983
1995-02-14,790.619995
1995-02-15,795.630005
1995-02-16,793.309998
1995-02-17,786.969971
1995-02-21,784.619995
1995-02-22,787.929993
1995-02-23,791.349976
1995-02-24,791.080017
1995-02-27,784.5
1995-02-28,793.72998
1995-03-01,791.869995
1995-03-02,793.679993
1995-03-03,798.789978
1995-03-06,797.77002
1995-03-07,791.330017
1995-03-08,795.809998
1995-03-09,796.23999
1995-03-10,802.219971
1995-03-13,802.309998
1995-03-14,808.23999
1995-03-15,807.380005
1995-03-16,809.340027
1995-03-17,808.330017
1995-03-20,810.48999
1995-03-21,809.780029
1995-03-22,809.099976
1995-03-23,811.390015
1995-03-24,818.659973
1995-03-27,822.630005
1995-03-28,826.140015
1995-03-29,819.159973
1995-03-30,816.859985
1995-03-31,817.210022
1995-04-03,818.049988
1995-04-04,813.719971
1995-04-05,816.320007
1995-04-06,813.799988
1995-04-07,814.690002
1995-04-10,821.26001
1995-04-11,824.830017
1995-04-12,828.530029
1995-04-13,832.640015
1995-04-17,830.820007
1995-04-18,825.73999
1995-04-19,816.549988
1995-04-20,819.01001
1995-04-21,823.440002
1995-04-24,828.909973
1995-04-25,831.280029
1995-04-26,836.909973
1995-04-27,840.950012
1995-04-28,843.97998
1995-05-01,841.630005
1995-05-02,841.789978
1995-05-03,850.26001
1995-05-04,846.75
1995-05-05,843.530029
1995-05-08,849.289978
1995-05-09,848.169983
1995-05-10,847.619995
1995-05-11,853.830017
1995-05-12,858.940002
1995-05-15,863.059998
1995-05-16,868.25
1995-05-17,871.929993
1995-05-18,864.059998
1995-05-19,864.570007
1995-05-22,871.179993
1995-05-23,879.640015
1995-05-24,877.97998
1995-05-25,877.320007
1995-05-26,871.869995
1995-05-30,858.700012
1995-05-31,864.580017
1995-06-01,868.820007
1995-06-02,872.969971
1995-06-05,882.849976
1995-06-06,879.400024
1995-06-07,881.580017
1995-06-08,886.130005
1995-06-09,884.380005
1995-06-12,887.97998
1995-06-13,894.22998
1995-06-14,895.719971
1995-06-15,902.679993
1995-06-16,908.650024
1995-06-19,922.090027
1995-06-20,929.830017
1995-06-21,929.190002
1995-06-22,940.090027
1995-06-23,938.869995
1995-06-26,926.97998
1995-06-27,919.559998
1995-06-28,920.52002
1995-06-29,926.809998
1995-06-30,933.450012
1995-07-03,934.530029
1995-07-05,941.820007
1995-07-06,952.929993
1995-07-07,969.76001
1995-07-10,976.630005
1995-07-11,970.219971
1995-07-12,988.630005
1995-07-13,994.150024
1995-07-14,999.330017
1995-07-17,1005.890015
1995-07-18,988.530029
1995-07-19,952.869995
1995-07-20,960.570007
1995-07-21,961.77002
1995-07-24,978.570007
1995-07-25,993.75
1995-07-26,1000.179993
1995-07-27,1010.659973
1995-07-28,1005.280029
1995-07-31,1001.210022
1995-08-01,991.109985
1995-08-02,983.75
1995-08-03,982.700012
1995-08-04,991.090027
1995-08-07,995.219971
1995-08-08,997.119995
1995-08-09,1005.099976
1995-08-10,1000.609985
1995-08-11,1004.109985
1995-08-14,1012.440002
1995-08-15,1012.369995
1995-08-16,1025.75
1995-08-17,1029.23999
1995-08-18,1031.280029
1995-08-21,1019.700012
1995-08-22,1025.290039
1995-08-23,1028.189941
1995-08-24,1020.929993
1995-08-25,1019.969971
1995-08-28,1008.150024
1995-08-29,1003.640015
1995-08-30,1012.609985
1995-08-31,1020.109985
1995-09-01,1019.469971
1995-09-05,1039.300049
1995-09-06,1044.280029
1995-09-07,1051.079956
1995-09-08,1060.030029
1995-09-11,1066.560059
1995-09-12,1065.0
1995-09-13,1067.400024
1995-09-14,1066.959961
1995-09-15,1051.099976
1995-09-18,1050.180054
1995-09-19,1060.319946
1995-09-20,1065.089966
1995-09-21,1058.51001
1995-09-22,1053.390015
1995-09-25,1046.150024
1995-09-26,1038.050049
1995-09-27,1026.540039
1995-09-28,1047.050049
1995-09-29,1043.540039
1995-10-02,1027.569946
1995-10-03,1020.450012
1995-10-04,1002.27002
1995-10-05,1014.200012
1995-10-06,1012.039978
1995-10-09,984.73999
1995-10-10,983.469971
1995-10-11,1001.570007
1995-10-12,1015.630005
1995-10-13,1018.380005
1995-10-16,1018.130005
1995-10-17,1035.439941
1995-10-18,1045.369995
1995-10-19,1046.969971
1995-10-20,1039.530029
1995-10-23,1036.920044
1995-10-24,1039.23999
1995-10-25,1026.469971
1995-10-26,1017.570007
1995-10-27,1025.550049
1995-10-30,1039.689941
1995-10-31,1036.060059
1995-11-01,1040.5
1995-11-02,1057.319946
1995-11-03,1065.660034
1995-11-06,1062.140015
1995-11-07,1043.900024
1995-11-08,1047.939941
1995-11-09,1065.589966
1995-11-10,1063.869995
1995-11-13,1058.459961
1995-11-14,1040.619995
1995-11-15,1041.849976
1995-11-16,1044.47998
1995-11-17,1045.030029
1995-11-20,1029.469971
1995-11-21,1024.98999
1995-11-22,1021.23999
1995-11-24,1030.170044
1995-11-27,1029.319946
1995-11-28,1050.050049
1995-11-29,1057.569946
1995-11-30,1059.199951
1995-12-01,1055.310059
1995-12-04,1069.790039
1995-12-05,1065.890015
1995-12-06,1061.72998
1995-12-07,1053.170044
1995-12-08,1062.410034
1995-12-11,1061.5
1995-12-12,1052.069946
1995-12-13,1056.540039
1995-12-14,1038.189941
1995-12-15,1030.47998
1995-12-18,1002.559998
1995-12-19,1026.410034
1995-12-20,1025.27002
1995-12-21,1040.640015
1995-12-22,1046.890015
1995-12-26,1049.369995
1995-12-27,1048.130005
1995-12-28,1042.219971
1995-12-29,1052.130005
1996-01-02,1058.650024
1996-01-03,1046.26001
1996-01-04,1029.819946
1996-01-05,1033.469971
1996-01-08,1032.369995
1996-01-09,998.809998
1996-01-10,990.210022
1996-01-11,1011.099976
1996-01-12,1008.22998
1996-01-15,988.570007
1996-01-16,995.869995
1996-01-17,998.299988
1996-01-18,1007.23999
1996-01-19,1018.450012
1996-01-22,1029.439941
1996-01-23,1028.040039
1996-01-24,1043.459961
1996-01-25,1035.949951
1996-01-26,1040.959961
1996-01-29,1042.51001
1996-01-30,1051.300049
1996-01-31,1059.790039
1996-02-01,1069.459961
1996-02-02,1072.109985
1996-02-05,1083.339966
1996-02-06,1089.079956
1996-02-07,1084.880005
1996-02-08,1093.170044
1996-02-09,1094.599976
1996-02-12,1095.380005
1996-02-13,1087.219971
1996-02-14,1088.030029
1996-02-15,1090.540039
1996-02-16,1090.709961
1996-02-20,1083.23999
1996-02-21,1096.849976
1996-02-22,1117.109985
1996-02-23,1117.790039
1996-02-26,1113.050049
1996-02-27,1106.170044
1996-02-28,1107.550049
1996-02-29,1100.050049
1996-03-01,1086.079956
1996-03-04,1084.880005
1996-03-05,1096.810059
1996-03-06,1091.819946
1996-03-07,1093.119995
1996-03-08,1063.72998
1996-03-11,1080.5
1996-03-12,1073.050049
1996-03-13,1088.640015
1996-03-14,1091.069946
1996-03-15,1099.589966
1996-03-18,1114.420044
1996-03-19,1112.5
1996-03-20,1101.819946
1996-03-21,1099.790039
1996-03-22,1102.219971
1996-03-25,1087.089966
1996-03-26,1088.349976
1996-03-27,1093.880005
1996-03-28,1094.829956
1996-03-29,1101.400024
1996-04-01,1106.569946
1996-04-02,1111.290039
1996-04-03,1115.849976
1996-04-04,1118.209961
1996-04-08,1105.660034
1996-04-09,1109.150024
1996-04-10,1105.280029
1996-04-11,1097.140015
1996-04-12,1100.939941
1996-04-15,1110.439941
1996-04-16,1124.920044
1996-04-17,1120.869995
1996-04-18,1136.300049
1996-04-19,1138.699951
1996-04-22,1153.5
1996-04-23,1166.76001
1996-04-24,1176.829956
1996-04-25,1184.170044
1996-04-26,1186.890015
1996-04-29,1188.199951
1996-04-30,1190.52002
1996-05-01,1199.660034
1996-05-02,1178.329956
1996-05-03,1184.599976
1996-05-06,1186.310059
1996-05-07,1182.670044
1996-05-08,1183.430054
1996-05-09,1187.819946
1996-05-10,1202.76001
1996-05-13,1221.869995
1996-05-14,1234.48999
1996-05-15,1233.560059
1996-05-16,1239.310059
1996-05-17,1241.880005
1996-05-20,1248.109985
1996-05-21,1244.420044
1996-05-22,1247.380005
1996-05-23,1248.650024
1996-05-24,1247.800049
1996-05-28,1236.300049
1996-05-29,1225.630005
1996-05-30,1233.47998
1996-05-31,1243.430054
1996-06-03,1238.72998
1996-06-04,1243.680054
1996-06-05,1249.150024
1996-06-06,1232.52002
1996-06-07,1229.76001
1996-06-10,1230.040039
1996-06-11,1230.76001
1996-06-12,1235.469971
1996-06-13,1225.650024
1996-06-14,1213.180054
1996-06-17,1207.640015
1996-06-18,1183.079956
1996-06-19,1179.27002
1996-06-20,1167.339966
1996-06-21,1175.439941
1996-06-24,1182.900024
1996-06-25,1172.579956
1996-06-26,1153.290039
1996-06-27,1166.01001
1996-06-28,1185.02002
1996-07-01,1197.449951
1996-07-02,1191.150024
1996-07-03,1181.599976
1996-07-05,1158.349976
1996-07-08,1148.819946
1996-07-09,1153.589966
1996-07-10,1141.189941
1996-07-11,1106.359985
1996-07-12,1103.48999
1996-07-15,1060.189941
1996-07-16,1053.469971
1996-07-17,1086.650024
1996-07-18,1109.819946
1996-07-19,1097.680054
1996-07-22,1081.390015
1996-07-23,1049.069946
1996-07-24,1042.369995
1996-07-25,1062.390015
1996-07-26,1079.439941
1996-07-29,1066.469971
1996-07-30,1071.949951
1996-07-31,1080.589966
1996-08-01,1098.849976
1996-08-02,1124.920044
1996-08-05,1120.530029
1996-08-06,1128.869995
1996-08-07,1141.109985
1996-08-08,1137.51001
1996-08-09,1137.27002
1996-08-12,1138.27002
1996-08-13,1126.150024
1996-08-14,1133.51001
1996-08-15,1134.689941
1996-08-16,1133.650024
1996-08-19,1130.910034
1996-08-20,1124.670044
1996-08-21,1126.839966
1996-08-22,1143.959961
1996-08-23,1143.050049
1996-08-26,1139.219971
1996-08-27,1149.02002
1996-08-28,1153.880005
1996-08-29,1145.030029
1996-08-30,1141.5
1996-09-03,1142.290039
1996-09-04,1143.819946
1996-09-05,1125.660034
1996-09-06,1139.390015
1996-09-09,1148.709961
1996-09-10,1149.430054
1996-09-11,1153.949951
1996-09-12,1165.810059
1996-09-13,1188.670044
1996-09-16,1193.959961
1996-09-17,1203.310059
1996-09-18,1205.709961
1996-09-19,1212.089966
1996-09-20,1219.689941
1996-09-23,1211.469971
1996-09-24,1215.27002
1996-09-25,1224.660034
1996-09-26,1227.97998
1996-09-27,1230.050049
1996-09-30,1226.920044
1996-10-01,1221.51001
1996-10-02,1236.109985
1996-10-03,1233.089966
1996-10-04,1247.560059
1996-10-07,1250.869995
1996-10-08,1240.150024
1996-10-09,1237.97998
1996-10-10,1236.969971
1996-10-11,1248.27002
1996-10-14,1256.359985
1996-10-15,1258.099976
1996-10-16,1250.98999
1996-10-17,1241.959961
1996-10-18,1242.47998
1996-10-21,1236.410034
1996-10-22,1220.0
1996-10-23,1227.880005
1996-10-24,1227.0
1996-10-25,1222.599976
1996-10-28,1215.890015
1996-10-29,1203.050049
1996-10-30,1206.22998
1996-10-31,1221.51001
1996-11-01,1221.780029
1996-11-04,1220.47998
1996-11-05,1229.069946
1996-11-06,1245.48999
1996-11-07,1254.140015
1996-11-08,1257.51001
1996-11-11,1262.670044
1996-11-12,1256.530029
1996-11-13,1260.719971
1996-11-14,1270.359985
1996-11-15,1261.800049
1996-11-18,1254.569946
1996-11-19,1262.619995
1996-11-20,1264.939941
1996-11-21,1258.079956
1996-11-22,1274.359985
1996-11-25,1280.369995
1996-11-26,1281.199951
1996-11-27,1287.319946
1996-11-29,1292.609985
1996-12-02,1299.819946
1996-12-03,1300.369995
1996-12-04,1297.02002
1996-12-05,1300.119995
1996-12-06,1287.680054
1996-12-09,1316.27002
1996-12-10,1312.550049
1996-12-11,1309.119995
1996-12-12,1298.329956
1996-12-13,1284.910034
1996-12-16,1260.97998
1996-12-17,1266.319946
1996-12-18,1285.380005
1996-12-19,1295.859985
1996-12-20,1288.560059
1996-12-23,1279.52002
1996-12-24,1287.630005
1996-12-26,1294.569946
1996-12-27,1291.380005
1996-12-30,1287.75
1996-12-31,1291.030029
1997-01-02,1280.699951
1997-01-03,1310.680054
1997-01-06,1316.400024
1997-01-07,1327.72998
1997-01-08,1320.349976
1997-01-09,1326.199951
1997-01-10,1332.02002
1997-01-13,1330.910034
1997-01-14,1346.359985
1997-01-15,1333.530029
1997-01-16,1340.459961
1997-01-17,1349.050049
1997-01-20,1364.280029
1997-01-21,1376.969971
1997-01-22,1388.060059
1997-01-23,1378.369995
1997-01-24,1363.829956
1997-01-27,1352.810059
1997-01-28,1354.369995
1997-01-29,1355.170044
1997-01-30,1371.02002
1997-01-31,1379.849976
1997-02-03,1376.050049
1997-02-04,1373.75
1997-02-05,1348.439941
1997-02-06,1346.400024
1997-02-07,1357.709961
1997-02-10,1335.339966
1997-02-11,1331.51001
1997-02-12,1358.959961
1997-02-13,1370.810059
1997-02-14,1367.189941
1997-02-18,1365.790039
1997-02-19,1365.579956
1997-02-20,1347.400024
1997-02-21,1334.319946
1997-02-24,1345.079956
1997-02-25,1347.689941
1997-02-26,1340.550049
1997-02-27,1312.660034
1997-02-28,1309.0
1997-03-03,1311.180054
1997-03-04,1317.369995
1997-03-05,1329.089966
1997-03-06,1315.430054
1997-03-07,1311.800049
1997-03-10,1322.719971
1997-03-11,1316.76001
1997-03-12,1304.130005
1997-03-13,1293.280029
1997-03-14,1292.969971
1997-03-17,1279.430054
1997-03-18,1269.339966
1997-03-19,1249.290039
1997-03-20,1259.26001
1997-03-21,1254.069946
1997-03-24,1242.640015
1997-03-25,1248.060059
1997-03-26,1269.079956
1997-03-27,1249.51001
1997-03-31,1221.699951
1997-04-01,1216.930054
1997-04-02,1201.0
1997-04-03,1213.76001
1997-04-04,1236.72998
1997-04-07,1251.349976
1997-04-08,1257.369995
1997-04-09,1249.430054
1997-04-10,1235.77002
1997-04-11,1206.900024
1997-04-14,1216.410034
1997-04-15,1212.880005
1997-04-16,1210.27002
1997-04-17,1217.069946
1997-04-18,1222.569946
1997-04-21,1203.949951
1997-04-22,1212.73999
1997-04-23,1227.140015
1997-04-24,1228.099976
1997-04-25,1209.290039
1997-04-28,1217.030029
1997-04-29,1242.630005
1997-04-30,1260.76001
1997-05-01,1270.5
1997-05-02,1305.329956
1997-05-05,1339.23999
1997-05-06,1328.300049
1997-05-07,1322.910034
1997-05-08,1330.829956
1997-05-09,1335.050049
1997-05-12,1344.189941
1997-05-13,1333.589966
1997-05-14,1335.550049
1997-05-15,1353.579956
1997-05-16,1340.72998
1997-05-19,1341.23999
1997-05-20,1363.880005
1997-05-21,1373.75
1997-05-22,1372.599976
1997-05-23,1389.719971
1997-05-27,1409.209961
1997-05-28,1410.180054
1997-05-29,1403.040039
1997-05-30,1400.319946
1997-06-02,1404.790039
1997-06-03,1384.910034
1997-06-04,1379.670044
1997-06-05,1390.050049
1997-06-06,1404.839966
1997-06-09,1412.040039
1997-06-10,1401.689941
1997-06-11,1407.849976
1997-06-12,1411.319946
1997-06-13,1423.030029
1997-06-16,1431.949951
1997-06-17,1443.109985
1997-06-18,1432.430054
1997-06-19,1447.140015
1997-06-20,1447.099976
1997-06-23,1434.319946
1997-06-24,1452.430054
1997-06-25,1446.23999
1997-06-26,1436.380005
1997-06-27,1438.150024
1997-06-30,1442.069946
1997-07-01,1438.25
1997-07-02,1455.609985
1997-07-03,1467.609985
1997-07-07,1470.73999
1997-07-08,1485.099976
1997-07-09,1486.630005
1997-07-10,1490.930054
1997-07-11,1502.619995
1997-07-14,1523.880005
1997-07-15,1542.109985
1997-07-16,1580.630005
1997-07-17,1568.849976
1997-07-18,1547.98999
1997-07-21,1536.22998
1997-07-22,1563.859985
1997-07-23,1567.650024
1997-07-24,1569.130005
1997-07-25,1569.579956
1997-07-28,1563.530029
1997-07-29,1572.319946
1997-07-30,1588.050049
1997-07-31,1593.810059
1997-08-01,1594.329956
1997-08-04,1605.449951
1997-08-05,1621.530029
1997-08-06,1630.439941
1997-08-07,1624.180054
1997-08-08,1598.52002
1997-08-11,1586.73999
1997-08-12,1576.23999
1997-08-13,1583.400024
1997-08-14,1586.689941
1997-08-15,1562.030029
1997-08-18,1569.52002
1997-08-19,1600.709961
1997-08-20,1628.699951
1997-08-21,1607.359985
1997-08-22,1598.689941
1997-08-25,1601.569946
1997-08-26,1591.300049
1997-08-27,1595.540039
1997-08-28,1581.319946
1997-08-29,1587.319946
1997-09-02,1618.089966
1997-09-03,1618.23999
1997-09-04,1624.630005
1997-09-05,1635.77002
1997-09-08,1645.349976
1997-09-09,1656.219971
1997-09-10,1639.25
1997-09-11,1639.859985
1997-09-12,1649.329956
1997-09-15,1634.920044
1997-09-16,1668.599976
1997-09-17,1666.469971
1997-09-18,1670.02002
1997-09-19,1680.359985
1997-09-22,1689.449951
1997-09-23,1697.359985
1997-09-24,1687.410034
1997-09-25,1678.890015
1997-09-26,1682.23999
1997-09-29,1694.97998
1997-09-30,1685.689941
1997-10-01,1690.300049
1997-10-02,1702.410034
1997-10-03,1715.869995
1997-10-06,1721.910034
1997-10-07,1737.27002
1997-10-08,1741.77002
1997-10-09,1745.849976
1997-10-10,1739.030029
1997-10-13,1742.119995
1997-10-14,1732.790039
1997-10-15,1723.369995
1997-10-16,1699.660034
1997-10-17,1666.849976
1997-10-20,1685.449951
1997-10-21,1712.540039
1997-10-22,1708.079956
1997-10-23,1671.25
1997-10-24,1650.920044
1997-10-27,1532.75
1997-10-28,1603.02002
1997-10-29,1602.75
1997-10-30,1570.410034
1997-10-31,1593.609985
1997-11-03,1629.97998
1997-11-04,1631.150024
1997-11-05,1637.329956
1997-11-06,1623.439941
1997-11-07,1602.400024
1997-11-10,1590.719971
1997-11-11,1584.859985
1997-11-12,1541.709961
1997-11-13,1559.25
1997-11-14,1583.51001
1997-11-17,1614.109985
1997-11-18,1600.439941
1997-11-19,1601.219971
1997-11-20,1626.560059
1997-11-21,1620.75
1997-11-24,1586.98999
1997-11-25,1589.040039
1997-11-26,1594.5
1997-11-28,1600.550049
1997-12-01,1630.719971
1997-12-02,1606.369995
1997-12-03,1615.130005
1997-12-04,1613.420044
1997-12-05,1633.900024
1997-12-08,1651.540039
1997-12-09,1620.550049
1997-12-10,1596.609985
1997-12-11,1558.540039
1997-12-12,1536.579956
1997-12-15,1536.560059
1997-12-16,1553.0
1997-12-17,1547.369995
1997-12-18,1523.189941
1997-12-19,1524.73999
1997-12-22,1532.060059
1997-12-23,1509.910034
1997-12-24,1499.530029
1997-12-26,1511.380005
1997-12-29,1537.449951
1997-12-30,1565.030029
1997-12-31,1570.349976
1998-01-02,1581.530029
1998-01-05,1594.119995
1998-01-06,1580.140015
1998-01-07,1561.699951
1998-01-08,1555.540039
1998-01-09,1503.219971
1998-01-12,1507.579956
1998-01-13,1541.630005
1998-01-14,1548.76001
1998-01-15,1547.060059
1998-01-16,1562.880005
1998-01-20,1590.140015
1998-01-21,1587.920044
1998-01-22,1576.51001
1998-01-23,1575.930054
1998-01-26,1561.459961
1998-01-27,1578.900024
1998-01-28,1610.819946
1998-01-29,1619.48999
1998-01-30,1619.359985
1998-02-02,1652.890015
1998-02-03,1666.339966
1998-02-04,1680.439941
1998-02-05,1676.900024
1998-02-06,1694.349976
1998-02-09,1690.430054
1998-02-10,1709.040039
1998-02-11,1708.550049
1998-02-12,1714.339966
1998-02-13,1710.420044
1998-02-17,1703.430054
1998-02-18,1715.72998
1998-02-19,1727.01001
1998-02-20,1728.130005
1998-02-23,1751.76001
1998-02-24,1738.709961
1998-02-25,1766.47998
1998-02-26,1777.109985
1998-02-27,1770.51001
1998-03-02,1758.540039
1998-03-03,1757.140015
1998-03-04,1759.699951
1998-03-05,1711.920044
1998-03-06,1753.48999
1998-03-09,1725.160034
1998-03-10,1748.51001
1998-03-11,1756.849976
1998-03-12,1764.060059
1998-03-13,1771.660034
1998-03-16,1788.180054
1998-03-17,1779.300049
1998-03-18,1788.280029
1998-03-19,1799.97998
1998-03-20,1789.160034
1998-03-23,1792.51001
1998-03-24,1812.439941
1998-03-25,1824.51001
1998-03-26,1828.540039
1998-03-27,1823.619995
1998-03-30,1818.699951
1998-03-31,1835.680054
1998-04-01,1847.660034
1998-04-02,1852.959961
1998-04-03,1855.400024
1998-04-06,1829.140015
1998-04-07,1798.709961
1998-04-08,1807.01001
1998-04-09,1820.23999
1998-04-13,1824.949951
1998-04-14,1843.030029
1998-04-15,1863.26001
1998-04-16,1858.23999
1998-04-17,1866.599976
1998-04-20,1887.140015
1998-04-21,1903.869995
1998-04-22,1917.609985
1998-04-23,1881.390015
1998-04-24,1868.959961
1998-04-27,1820.310059
1998-04-28,1831.77002
1998-04-29,1851.640015
1998-04-30,1868.410034
1998-05-01,1873.439941
1998-05-04,1878.859985
1998-05-05,1864.910034
1998-05-06,1856.680054
1998-05-07,1835.140015
1998-05-08,1864.369995
1998-05-11,1848.069946
1998-05-12,1860.160034
1998-05-13,1866.180054
1998-05-14,1865.359985
1998-05-15,1846.77002
1998-05-18,1831.619995
1998-05-19,1845.869995
1998-05-20,1831.75
1998-05-21,1820.98999
1998-05-22,1805.0
1998-05-26,1778.089966
1998-05-27,1781.099976
1998-05-28,1794.619995
1998-05-29,1778.869995
1998-06-01,1746.819946
1998-06-02,1761.790039
1998-06-03,1742.310059
1998-06-04,1769.949951
1998-06-05,1782.920044
1998-06-08,1787.77002
1998-06-09,1800.76001
1998-06-10,1773.25
1998-06-11,1749.75
1998-06-12,1745.050049
1998-06-15,1715.75
1998-06-16,1753.119995
1998-06-17,1776.400024
1998-06-18,1772.699951
1998-06-19,1781.290039
1998-06-22,1805.819946
1998-06-23,1844.569946
1998-06-24,1877.76001
1998-06-25,1863.25
1998-06-26,1869.530029
1998-06-29,1891.079956
1998-06-30,1894.73999
1998-07-01,1914.459961
1998-07-02,1894.0
1998-07-06,1909.469971
1998-07-07,1908.109985
1998-07-08,1935.390015
1998-07-09,1939.819946
1998-07-10,1943.040039
1998-07-13,1965.530029
1998-07-14,1968.410034
1998-07-15,1994.540039
1998-07-16,2000.560059
1998-07-17,2008.76001
1998-07-20,2014.25
1998-07-21,1979.140015
1998-07-22,1969.75
1998-07-23,1935.219971
1998-07-24,1930.98999
1998-07-27,1933.26001
1998-07-28,1896.530029
1998-07-29,1881.48999
1998-07-30,1919.579956
1998-07-31,1872.390015
1998-08-03,1851.099976
1998-08-04,1785.640015
1998-08-05,1788.199951
1998-08-06,1829.51001
1998-08-07,1846.77002
1998-08-10,1839.209961
1998-08-11,1792.699951
1998-08-12,1825.530029
1998-08-13,1802.540039
1998-08-14,1790.189941
1998-08-17,1818.040039
1998-08-18,1855.119995
1998-08-19,1842.689941
1998-08-20,1832.449951
1998-08-21,1797.609985
1998-08-24,1790.819946
1998-08-25,1798.170044
1998-08-26,1768.130005
1998-08-27,1686.410034
1998-08-28,1639.680054
1998-08-31,1499.25
1998-09-01,1575.089966
1998-09-02,1592.849976
1998-09-03,1571.859985
1998-09-04,1566.52002
1998-09-08,1660.859985
1998-09-09,1624.550049
1998-09-10,1585.329956
1998-09-11,1641.640015
1998-09-14,1665.689941
1998-09-15,1678.109985
1998-09-16,1689.910034
1998-09-17,1646.25
1998-09-18,1663.77002
1998-09-21,1680.430054
1998-09-22,1697.800049
1998-09-23,1760.27002
1998-09-24,1720.339966
1998-09-25,1743.589966
1998-09-28,1739.219971
1998-09-29,1734.050049
1998-09-30,1693.839966
1998-10-01,1612.329956
1998-10-02,1614.97998
1998-10-05,1536.689941
1998-10-06,1510.890015
1998-10-07,1462.609985
1998-10-08,1419.119995
1998-10-09,1492.48999
1998-10-12,1546.079956
1998-10-13,1509.449951
1998-10-14,1540.969971
1998-10-15,1611.01001
1998-10-16,1620.949951
1998-10-19,1648.72998
1998-10-20,1639.189941
1998-10-21,1674.75
1998-10-22,1702.640015
1998-10-23,1693.859985
1998-10-26,1724.97998
1998-10-27,1717.630005
1998-10-28,1737.349976
1998-10-29,1757.189941
1998-10-30,1771.390015
1998-11-02,1800.910034
1998-11-03,1788.430054
1998-11-04,1823.569946
1998-11-05,1837.099976
1998-11-06,1856.560059
1998-11-09,1861.050049
1998-11-10,1865.619995
1998-11-11,1862.109985
1998-11-12,1851.060059
1998-11-13,1847.98999
1998-11-16,1861.680054
1998-11-17,1878.52002
1998-11-18,1897.439941
1998-11-19,1919.680054
1998-11-20,1928.209961
1998-11-23,1977.420044
1998-11-24,1965.880005
1998-11-25,1985.209961
1998-11-27,2016.439941
1998-11-30,1949.540039
1998-12-01,2003.75
1998-12-02,1995.209961
1998-12-03,1954.329956
1998-12-04,2003.160034
1998-12-07,2040.640015
1998-12-08,2034.75
1998-12-09,2050.419922
1998-12-10,2015.959961
1998-12-11,2029.310059
1998-12-14,1966.920044
1998-12-15,2012.599976
1998-12-16,2009.359985
1998-12-17,2043.880005
1998-12-18,2086.139893
1998-12-21,2138.030029
1998-12-22,2120.97998
1998-12-23,2172.540039
1998-12-24,2163.040039
1998-12-28,2180.300049
1998-12-29,2181.77002
1998-12-30,2166.949951
1998-12-31,2192.689941
1999-01-04,2208.050049
1999-01-05,2251.27002
1999-01-06,2320.860107
1999-01-07,2326.090088
1999-01-08,2344.409912
1999-01-11,2384.590088
1999-01-12,2320.75
1999-01-13,2316.810059
1999-01-14,2276.820068
1999-01-15,2348.199951
1999-01-19,2408.169922
1999-01-20,2415.48999
1999-01-21,2344.719971
1999-01-22,2338.879883
1999-01-25,2369.310059
1999-01-26,2433.409912
1999-01-27,2407.139893
1999-01-28,2477.340088
1999-01-29,2505.889893
1999-02-01,2510.090088
1999-02-02,2463.419922
1999-02-03,2493.409912
1999-02-04,2410.070068
1999-02-05,2373.620117
1999-02-08,2404.919922
1999-02-09,2310.790039
1999-02-10,2309.5
1999-02-11,2405.550049
1999-02-12,2321.889893
1999-02-16,2313.870117
1999-02-17,2248.909912
1999-02-18,2260.550049
1999-02-19,2283.600098
1999-02-22,2342.01001
1999-02-23,2376.350098
1999-02-24,2339.379883
1999-02-25,2326.820068
1999-02-26,2288.030029
1999-03-01,2295.179932
1999-03-02,2259.030029
1999-03-03,2265.199951
1999-03-04,2292.889893
1999-03-05,2337.110107
1999-03-08,2397.620117
1999-03-09,2392.939941
1999-03-10,2406.0
1999-03-11,2412.25
1999-03-12,2381.530029
1999-03-15,2431.439941
1999-03-16,2439.27002
1999-03-17,2428.969971
1999-03-18,2462.959961
1999-03-19,2421.27002
1999-03-22,2395.939941
1999-03-23,2322.840088
1999-03-24,2365.280029
1999-03-25,2434.800049
1999-03-26,2419.169922
1999-03-29,2492.840088
1999-03-30,2480.290039
1999-03-31,2461.399902
1999-04-01,2493.370117
1999-04-05,2560.060059
1999-04-06,2563.169922
1999-04-07,2544.429932
1999-04-08,2573.389893
1999-04-09,2593.050049
1999-04-12,2598.810059
1999-04-13,2583.5
1999-04-14,2507.280029
1999-04-15,2521.77002
1999-04-16,2484.040039
1999-04-19,2345.610107
1999-04-20,2409.639893
1999-04-21,2489.080078
1999-04-22,2561.610107
1999-04-23,2590.689941
1999-04-26,2652.050049
1999-04-27,2602.409912
1999-04-28,2550.370117
1999-04-29,2528.439941
1999-04-30,2542.860107
1999-05-03,2535.580078
1999-05-04,2485.120117
1999-05-05,2534.449951
1999-05-06,2472.280029
1999-05-07,2503.620117
1999-05-10,2526.389893
1999-05-11,2566.679932
1999-05-12,2606.540039
1999-05-13,2582.0
1999-05-14,2527.860107
1999-05-17,2561.840088
1999-05-18,2558.360107
1999-05-19,2577.399902
1999-05-20,2542.22998
1999-05-21,2520.139893
1999-05-24,2453.659912
1999-05-25,2380.899902
1999-05-26,2427.179932
1999-05-27,2419.149902
1999-05-28,2470.52002
1999-06-01,2412.030029
1999-06-02,2432.409912
1999-06-03,2403.320068
1999-06-04,2478.340088
1999-06-07,2524.209961
1999-06-08,2474.560059
1999-06-09,2519.350098
1999-06-10,2484.620117
1999-06-11,2447.879883
1999-06-14,2398.310059
1999-06-15,2414.669922
1999-06-16,2517.830078
1999-06-17,2544.149902
1999-06-18,2563.439941
1999-06-21,2630.280029
1999-06-22,2580.26001
1999-06-23,2598.120117
1999-06-24,2553.98999
1999-06-25,2552.649902
1999-06-28,2602.439941
1999-06-29,2642.110107
1999-06-30,2686.120117
1999-07-01,2706.179932
1999-07-02,2741.02002
1999-07-06,2736.780029
1999-07-07,2743.040039
1999-07-08,2771.860107
1999-07-09,2793.070068
1999-07-12,2790.439941
1999-07-13,2778.22998
1999-07-14,2818.129883
1999-07-15,2839.370117
1999-07-16,2864.47998
1999-07-19,2830.290039
1999-07-20,2732.179932
1999-07-21,2761.77002
1999-07-22,2684.439941
1999-07-23,2692.399902
1999-07-26,2619.189941
1999-07-27,2679.330078
1999-07-28,2705.840088
1999-07-29,2640.01001
1999-07-30,2638.48999
1999-08-02,2623.629883
1999-08-03,2587.98999
1999-08-04,2540.0
1999-08-05,2565.830078
1999-08-06,2547.969971
1999-08-09,2518.97998
1999-08-10,2490.110107
1999-08-11,2564.97998
1999-08-12,2549.48999
1999-08-13,2637.810059
1999-08-16,2645.280029
1999-08-17,2671.22998
1999-08-18,2657.72998
1999-08-19,2621.429932
1999-08-20,2648.330078
1999-08-23,2719.570068
1999-08-24,2752.370117
1999-08-25,2805.600098
1999-08-26,2774.620117
1999-08-27,2758.899902
1999-08-30,2712.689941
1999-08-31,2739.350098
1999-09-01,2750.800049
1999-09-02,2734.23999
1999-09-03,2843.110107
1999-09-07,2837.26001
1999-09-08,2808.73999
1999-09-09,2852.02002
1999-09-10,2887.060059
1999-09-13,2844.77002
1999-09-14,2868.290039
1999-09-15,2814.169922
1999-09-16,2806.719971
1999-09-17,2869.620117
1999-09-20,2886.149902
1999-09-21,2821.100098
1999-09-22,2858.159912
1999-09-23,2749.830078
1999-09-24,2740.409912
1999-09-27,2761.75
1999-09-28,2756.25
1999-09-29,2730.27002
1999-09-30,2746.159912
1999-10-01,2736.850098
1999-10-04,2795.969971
1999-10-05,2799.669922
1999-10-06,2857.209961
1999-10-07,2860.699951
1999-10-08,2886.570068
1999-10-11,2915.949951
1999-10-12,2872.429932
1999-10-13,2801.27002
1999-10-14,2806.840088
1999-10-15,2731.830078
1999-10-18,2689.149902
1999-10-19,2688.179932
1999-10-20,2788.129883
1999-10-21,2801.949951
1999-10-22,2816.52002
1999-10-25,2815.949951
1999-10-26,2811.469971
1999-10-27,2802.52002
1999-10-28,2875.219971
1999-10-29,2966.429932
1999-11-01,2967.649902
1999-11-02,2981.629883
1999-11-03,3028.51001
1999-11-04,3055.949951
1999-11-05,3102.290039
1999-11-08,3143.969971
1999-11-09,3125.040039
1999-11-10,3155.959961
1999-11-11,3197.290039
1999-11-12,3221.149902
1999-11-15,3219.540039
1999-11-16,3295.52002
1999-11-17,3269.389893
1999-11-18,3347.110107
1999-11-19,3369.25
1999-11-22,3392.560059
1999-11-23,3342.870117
1999-11-24,3420.5
1999-11-26,3447.810059
1999-11-29,3421.370117
1999-11-30,3336.159912
1999-12-01,3353.709961
1999-12-02,3452.780029
1999-12-03,3520.629883
1999-12-06,3546.01001
1999-12-07,3586.919922
1999-12-08,3586.080078
1999-12-09,3594.169922
1999-12-10,3620.23999
1999-12-13,3658.169922
1999-12-14,3571.659912
1999-12-15,3621.949951
1999-12-16,3715.060059
1999-12-17,3753.060059
1999-12-20,3783.870117
1999-12-21,3911.149902
1999-12-22,3937.300049
1999-12-23,3969.439941
1999-12-27,3975.379883
1999-12-28,3972.110107
1999-12-29,4041.459961
1999-12-30,4036.870117
1999-12-31,4069.310059
2000-01-03,4131.149902
2000-01-04,3901.689941
2000-01-05,3877.540039
2000-01-06,3727.129883
2000-01-07,3882.620117
2000-01-10,4049.669922
2000-01-11,3921.189941
2000-01-12,3850.02002
2000-01-13,3957.209961
2000-01-14,4064.27002
2000-01-18,4130.810059
2000-01-19,4151.290039
2000-01-20,4189.509766
2000-01-21,4235.399902
2000-01-24,4096.080078
2000-01-25,4167.410156
2000-01-26,4069.909912
2000-01-27,4039.560059
2000-01-28,3887.070068
2000-01-31,3940.350098
2000-02-01,4051.97998
2000-02-02,4073.959961
2000-02-03,4210.97998
2000-02-04,4244.140137
2000-02-07,4321.77002
2000-02-08,4427.5
2000-02-09,4363.240234
2000-02-10,4485.629883
2000-02-11,4395.450195
2000-02-14,4418.549805
2000-02-15,4420.77002
2000-02-16,4427.649902
2000-02-17,4548.919922
2000-02-18,4411.740234
2000-02-22,4382.120117
2000-02-23,4550.330078
2000-02-24,4617.649902
2000-02-25,4590.5
2000-02-28,4577.850098
2000-02-29,4696.689941
2000-03-01,4784.080078
2000-03-02,4754.509766
2000-03-03,4914.790039
2000-03-06,4904.850098
2000-03-07,4847.839844
2000-03-08,4897.259766
2000-03-09,5046.859863
2000-03-10,5048.620117
2000-03-13,4907.240234
2000-03-14,4706.629883
2000-03-15,4582.620117
2000-03-16,4717.390137
2000-03-17,4798.129883
2000-03-20,4610.0
2000-03-21,4711.680176
2000-03-22,4864.75
2000-03-23,4940.609863
2000-03-24,4963.029785
2000-03-27,4958.560059
2000-03-28,4833.890137
2000-03-29,4644.669922
2000-03-30,4457.890137
2000-03-31,4572.830078
2000-04-03,4223.680176
2000-04-04,4148.890137
2000-04-05,4169.220215
2000-04-06,4267.560059
2000-04-07,4446.450195
2000-04-10,4188.200195
2000-04-11,4055.899902
2000-04-12,3769.629883
2000-04-13,3676.780029
2000-04-14,3321.290039
2000-04-17,3539.159912
2000-04-18,3793.570068
2000-04-19,3706.409912
2000-04-20,3643.879883
2000-04-24,3482.47998
2000-04-25,3711.22998
2000-04-26,3630.090088
2000-04-27,3774.030029
2000-04-28,3860.659912
2000-05-01,3958.080078
2000-05-02,3785.449951
2000-05-03,3707.310059
2000-05-04,3720.23999
2000-05-05,3816.820068
2000-05-08,3669.379883
2000-05-09,3585.01001
2000-05-10,3384.72998
2000-05-11,3499.580078
2000-05-12,3529.060059
2000-05-15,3607.649902
2000-05-16,3717.570068
2000-05-17,3644.959961
2000-05-18,3538.709961
2000-05-19,3390.399902
2000-05-22,3364.209961
2000-05-23,3164.550049
2000-05-24,3270.610107
2000-05-25,3205.350098
2000-05-26,3205.110107
2000-05-30,3459.47998
2000-05-31,3400.909912
2000-06-01,3582.5
2000-06-02,3813.379883
2000-06-05,3821.76001
2000-06-06,3756.370117
2000-06-07,3839.26001
2000-06-08,3825.560059
2000-06-09,3874.840088
2000-06-12,3767.909912
2000-06-13,3851.060059
2000-06-14,3797.409912
2000-06-15,3845.73999
2000-06-16,3860.560059
2000-06-19,3989.830078
2000-06-20,4013.360107
2000-06-21,4064.01001
2000-06-22,3936.840088
2000-06-23,3845.340088
2000-06-26,3912.120117
2000-06-27,3858.959961
2000-06-28,3940.340088
2000-06-29,3877.22998
2000-06-30,3966.110107
2000-07-03,3991.929932
2000-07-05,3863.100098
2000-07-06,3960.570068
2000-07-07,4023.199951
2000-07-10,3980.290039
2000-07-11,3956.419922
2000-07-12,4099.589844
2000-07-13,4174.859863
2000-07-14,4246.180176
2000-07-17,4274.669922
2000-07-18,4177.169922
2000-07-19,4055.629883
2000-07-20,4184.560059
2000-07-21,4094.449951
2000-07-24,3981.570068
2000-07-25,4029.570068
2000-07-26,3987.719971
2000-07-27,3842.22998
2000-07-28,3663.0
2000-07-31,3766.98999
2000-08-01,3685.52002
2000-08-02,3658.459961
2000-08-03,3759.879883
2000-08-04,3787.360107
2000-08-07,3862.98999
2000-08-08,3848.550049
2000-08-09,3853.5
2000-08-10,3759.98999
2000-08-11,3789.469971
2000-08-14,3849.689941
2000-08-15,3851.659912
2000-08-16,3861.199951
2000-08-17,3940.870117
2000-08-18,3930.340088
2000-08-21,3953.149902
2000-08-22,3958.209961
2000-08-23,4011.01001
2000-08-24,4053.280029
2000-08-25,4042.679932
2000-08-28,4070.590088
2000-08-29,4082.169922
2000-08-30,4103.810059
2000-08-31,4206.350098
2000-09-01,4234.330078
2000-09-05,4143.180176
2000-09-06,4013.340088
2000-09-07,4098.350098
2000-09-08,3978.409912
2000-09-11,3896.350098
2000-09-12,3849.51001
2000-09-13,3893.889893
2000-09-14,3913.860107
2000-09-15,3835.22998
2000-09-18,3726.52002
2000-09-19,3865.639893
2000-09-20,3897.439941
2000-09-21,3828.870117
2000-09-22,3803.76001
2000-09-25,3741.219971
2000-09-26,3689.100098
2000-09-27,3656.300049
2000-09-28,3778.320068
2000-09-29,3672.820068
2000-10-02,3568.899902
2000-10-03,3455.830078
2000-10-04,3523.100098
2000-10-05,3472.100098
2000-10-06,3361.01001
2000-10-09,3355.560059
2000-10-10,3240.540039
2000-10-11,3168.48999
2000-10-12,3074.679932
2000-10-13,3316.77002
2000-10-16,3290.280029
2000-10-17,3213.959961
2000-10-18,3171.560059
2000-10-19,3418.600098
2000-10-20,3483.139893
2000-10-23,3468.689941
2000-10-24,3419.790039
2000-10-25,3229.570068
2000-10-26,3272.179932
2000-10-27,3278.360107
2000-10-30,3191.399902
2000-10-31,3369.629883
2000-11-01,3333.389893
2000-11-02,3429.02002
2000-11-03,3451.580078
2000-11-06,3416.209961
2000-11-07,3415.790039
2000-11-08,3231.699951
2000-11-09,3200.350098
2000-11-10,3028.98999
2000-11-13,2966.719971
2000-11-14,3138.27002
2000-11-15,3165.48999
2000-11-16,3031.879883
2000-11-17,3027.189941
2000-11-20,2875.639893
2000-11-21,2871.449951
2000-11-22,2755.340088
2000-11-24,2904.379883
2000-11-27,2880.48999
2000-11-28,2734.97998
2000-11-29,2706.929932
2000-11-30,2597.929932
2000-12-01,2645.290039
2000-12-04,2615.75
2000-12-05,2889.800049
2000-12-06,2796.5
2000-12-07,2752.659912
2000-12-08,2917.429932
2000-12-11,3015.100098
2000-12-12,2931.77002
2000-12-13,2822.77002
2000-12-14,2728.51001
2000-12-15,2653.27002
2000-12-18,2624.52002
2000-12-19,2511.709961
2000-12-20,2332.780029
2000-12-21,2340.120117
2000-12-22,2517.02002
2000-12-26,2493.52002
2000-12-27,2539.350098
2000-12-28,2557.76001
2000-12-29,2470.52002
2001-01-02,2291.860107
2001-01-03,2616.689941
2001-01-04,2566.830078
2001-01-05,2407.649902
2001-01-08,2395.919922
2001-01-09,2441.300049
2001-01-10,2524.179932
2001-01-11,2640.570068
2001-01-12,2626.5
2001-01-16,2618.550049
2001-01-17,2682.780029
2001-01-18,2768.48999
2001-01-19,2770.379883
2001-01-22,2757.909912
2001-01-23,2840.389893
2001-01-24,2859.149902
2001-01-25,2754.280029
2001-01-26,2781.300049
2001-01-29,2838.340088
2001-01-30,2838.350098
2001-01-31,2772.72998
2001-02-01,2782.790039
2001-02-02,2660.5
2001-02-05,2643.209961
2001-02-06,2664.48999
2001-02-07,2607.820068
2001-02-08,2562.060059
2001-02-09,2470.969971
2001-02-12,2489.659912
2001-02-13,2427.719971
2001-02-14,2491.399902
2001-02-15,2552.909912
2001-02-16,2425.379883
2001-02-20,2318.350098
2001-02-21,2268.939941
2001-02-22,2244.959961
2001-02-23,2262.51001
2001-02-26,2308.5
2001-02-27,2207.820068
2001-02-28,2151.830078
2001-03-01,2183.370117
2001-03-02,2117.629883
2001-03-05,2142.919922
2001-03-06,2204.429932
2001-03-07,2223.919922
2001-03-08,2168.72998
2001-03-09,2052.780029
2001-03-12,1923.380005
2001-03-13,2014.780029
2001-03-14,1972.089966
2001-03-15,1940.709961
2001-03-16,1890.910034
2001-03-19,1951.180054
2001-03-20,1857.439941
2001-03-21,1830.22998
2001-03-22,1897.699951
2001-03-23,1928.680054
2001-03-26,1918.48999
2001-03-27,1972.22998
2001-03-28,1854.130005
2001-03-29,1820.569946
2001-03-30,1840.26001
2001-04-02,1782.969971
2001-04-03,1673.0
2001-04-04,1638.800049
2001-04-05,1785.0
2001-04-06,1720.359985
2001-04-09,1745.709961
2001-04-10,1852.030029
2001-04-11,1898.949951
2001-04-12,1961.430054
2001-04-16,1909.569946
2001-04-17,1923.219971
2001-04-18,2079.439941
2001-04-19,2182.139893
2001-04-20,2163.409912
2001-04-23,2059.320068
2001-04-24,2016.609985
2001-04-25,2059.800049
2001-04-26,2034.880005
2001-04-27,2075.679932
2001-04-30,2116.23999
2001-05-01,2168.23999
2001-05-02,2220.600098
2001-05-03,2146.199951
2001-05-04,2191.530029
2001-05-07,2173.570068
2001-05-08,2198.77002
2001-05-09,2156.629883
2001-05-10,2128.860107
2001-05-11,2107.429932
2001-05-14,2081.919922
2001-05-15,2085.580078
2001-05-16,2166.439941
2001-05-17,2193.679932
2001-05-18,2198.879883
2001-05-21,2305.590088
2001-05-22,2313.850098
2001-05-23,2243.47998
2001-05-24,2282.02002
2001-05-25,2251.030029
2001-05-29,2175.540039
2001-05-30,2084.5
2001-05-31,2110.48999
2001-06-01,2149.439941
2001-06-04,2155.929932
2001-06-05,2233.659912
2001-06-06,2217.72998
2001-06-07,2264.0
2001-06-08,2215.100098
2001-06-11,2170.780029
2001-06-12,2169.949951
2001-06-13,2121.659912
2001-06-14,2044.069946
2001-06-15,2028.430054
2001-06-18,1988.630005
2001-06-19,1992.660034
2001-06-20,2031.23999
2001-06-21,2058.76001
2001-06-22,2034.839966
2001-06-25,2050.870117
2001-06-26,2064.620117
2001-06-27,2074.73999
2001-06-28,2125.459961
2001-06-29,2160.540039
2001-07-02,2148.719971
2001-07-03,2140.800049
2001-07-05,2080.110107
2001-07-06,2004.160034
2001-07-09,2026.709961
2001-07-10,1962.790039
2001-07-11,1972.040039
2001-07-12,2075.73999
2001-07-13,2084.790039
2001-07-16,2029.119995
2001-07-17,2067.320068
2001-07-18,2016.170044
2001-07-19,2046.589966
2001-07-20,2029.369995
2001-07-23,1988.560059
2001-07-24,1959.23999
2001-07-25,1984.319946
2001-07-26,2022.959961
2001-07-27,2029.069946
2001-07-30,2017.839966
2001-07-31,2027.130005
2001-08-01,2068.379883
2001-08-02,2087.379883
2001-08-03,2066.330078
2001-08-06,2034.26001
2001-08-07,2027.790039
2001-08-08,1966.359985
2001-08-09,1963.319946
2001-08-10,1956.469971
2001-08-13,1982.25
2001-08-14,1964.530029
2001-08-15,1918.890015
2001-08-16,1930.319946
2001-08-17,1867.01001
2001-08-20,1881.349976
2001-08-21,1831.300049
2001-08-22,1860.01001
2001-08-23,1842.969971
2001-08-24,1916.800049
2001-08-27,1912.410034
2001-08-28,1864.97998
2001-08-29,1843.170044
2001-08-30,1791.680054
2001-08-31,1805.430054
2001-09-04,1770.780029
2001-09-05,1759.01001
2001-09-06,1705.640015
2001-09-07,1687.699951
2001-09-10,1695.380005
2001-09-17,1579.550049
2001-09-18,1555.079956
2001-09-19,1527.800049
2001-09-20,1470.930054
2001-09-21,1423.189941
2001-09-24,1499.400024
2001-09-25,1501.640015
2001-09-26,1464.040039
2001-09-27,1460.709961
2001-09-28,1498.800049
2001-10-01,1480.459961
2001-10-02,1492.329956
2001-10-03,1580.810059
2001-10-04,1597.310059
2001-10-05,1605.300049
2001-10-08,1605.949951
2001-10-09,1570.189941
2001-10-10,1626.26001
2001-10-11,1701.469971
2001-10-12,1703.400024
2001-10-15,1696.310059
2001-10-16,1722.069946
2001-10-17,1646.339966
2001-10-18,1652.719971
2001-10-19,1671.310059
2001-10-22,1708.079956
2001-10-23,1704.439941
2001-10-24,1731.540039
2001-10-25,1775.469971
2001-10-26,1768.959961
2001-10-29,1699.52002
2001-10-30,1667.410034
2001-10-31,1690.199951
2001-11-01,1746.300049
2001-11-02,1745.72998
2001-11-05,1793.650024
2001-11-06,1835.079956
2001-11-07,1837.530029
2001-11-08,1827.77002
2001-11-09,1828.47998
2001-11-12,1840.130005
2001-11-13,1892.109985
2001-11-14,1903.189941
2001-11-15,1900.569946
2001-11-16,1898.579956
2001-11-19,1934.420044
2001-11-20,1880.51001
2001-11-21,1875.050049
2001-11-23,1903.199951
2001-11-26,1941.22998
2001-11-27,1935.969971
2001-11-28,1887.969971
2001-11-29,1933.26001
2001-11-30,1930.579956
2001-12-03,1904.900024
2001-12-04,1963.099976
2001-12-05,2046.839966
2001-12-06,2054.27002
2001-12-07,2021.26001
2001-12-10,1992.119995
2001-12-11,2001.930054
2001-12-12,2011.380005
2001-12-13,1946.51001
2001-12-14,1953.170044
2001-12-17,1987.449951
2001-12-18,2004.76001
2001-12-19,1982.890015
2001-12-20,1918.540039
2001-12-21,1945.829956
2001-12-24,1944.47998
2001-12-26,1960.699951
2001-12-27,1976.420044
2001-12-28,1987.26001
2001-12-31,1950.400024
2002-01-02,1979.25
2002-01-03,2044.27002
2002-01-04,2059.379883
2002-01-07,2037.099976
2002-01-08,2055.73999
2002-01-09,2044.890015
2002-01-10,2047.23999
2002-01-11,2022.459961
2002-01-14,1990.73999
2002-01-15,2000.910034
2002-01-16,1944.439941
2002-01-17,1985.819946
2002-01-18,1930.339966
2002-01-22,1882.530029
2002-01-23,1922.380005
2002-01-24,1942.579956
2002-01-25,1937.699951
2002-01-28,1943.910034
2002-01-29,1892.98999
2002-01-30,1913.439941
2002-01-31,1934.030029
2002-02-01,1911.23999
2002-02-04,1855.530029
2002-02-05,1838.52002
2002-02-06,1812.709961
2002-02-07,1782.109985
2002-02-08,1818.880005
2002-02-11,1846.660034
2002-02-12,1834.209961
2002-02-13,1859.160034
2002-02-14,1843.369995
2002-02-15,1805.199951
2002-02-19,1750.609985
2002-02-20,1775.569946
2002-02-21,1716.23999
2002-02-22,1724.540039
2002-02-25,1769.880005
2002-02-26,1766.859985
2002-02-27,1751.880005
2002-02-28,1731.48999
2002-03-01,1802.73999
2002-03-04,1859.319946
2002-03-05,1866.290039
2002-03-06,1890.400024
2002-03-07,1881.630005
2002-03-08,1929.670044
2002-03-11,1929.48999
2002-03-12,1897.119995
2002-03-13,1862.030029
2002-03-14,1854.140015
2002-03-15,1868.300049
2002-03-18,1877.060059
2002-03-19,1880.869995
2002-03-20,1832.869995
2002-03-21,1868.829956
2002-03-22,1851.390015
2002-03-25,1812.48999
2002-03-26,1824.170044
2002-03-27,1826.75
2002-03-28,1845.349976
2002-04-01,1862.619995
2002-04-02,1804.400024
2002-04-03,1784.349976
2002-04-04,1789.75
2002-04-05,1770.030029
2002-04-08,1785.869995
2002-04-09,1742.569946
2002-04-10,1767.069946
2002-04-11,1725.23999
2002-04-12,1756.189941
2002-04-15,1753.780029
2002-04-16,1816.790039
2002-04-17,1810.670044
2002-04-18,1802.430054
2002-04-19,1796.829956
2002-04-22,1758.680054
2002-04-23,1730.290039
2002-04-24,1713.339966
2002-04-25,1713.699951
2002-04-26,1663.890015
2002-04-29,1656.930054
2002-04-30,1688.22998
2002-05-01,1677.530029
2002-05-02,1644.819946
2002-05-03,1613.030029
2002-05-06,1578.47998
2002-05-07,1573.819946
2002-05-08,1696.290039
2002-05-09,1650.48999
2002-05-10,1600.849976
2002-05-13,1652.540039
2002-05-14,1719.050049
2002-05-15,1725.560059
2002-05-16,1730.439941
2002-05-17,1741.390015
2002-05-20,1701.589966
2002-05-21,1664.180054
2002-05-22,1673.449951
2002-05-23,1697.630005
2002-05-24,1661.48999
2002-05-28,1652.170044
2002-05-29,1624.390015
2002-05-30,1631.920044
2002-05-31,1615.72998
2002-06-03,1562.560059
2002-06-04,1578.119995
2002-06-05,1595.26001
2002-06-06,1554.880005
2002-06-07,1535.47998
2002-06-10,1530.689941
2002-06-11,1497.180054
2002-06-12,1519.119995
2002-06-13,1496.880005
2002-06-14,1504.73999
2002-06-17,1553.290039
2002-06-18,1542.959961
2002-06-19,1496.829956
2002-06-20,1464.75
2002-06-21,1440.959961
2002-06-24,1460.339966
2002-06-25,1423.98999
2002-06-26,1429.329956
2002-06-27,1459.199951
2002-06-28,1463.209961
2002-07-01,1403.800049
2002-07-02,1357.819946
2002-07-03,1380.170044
2002-07-05,1448.359985
2002-07-08,1405.609985
2002-07-09,1381.119995
2002-07-10,1346.01001
2002-07-11,1374.430054
2002-07-12,1373.5
2002-07-15,1382.619995
2002-07-16,1375.26001
2002-07-17,1397.25
2002-07-18,1356.949951
2002-07-19,1319.150024
2002-07-22,1282.650024
2002-07-23,1229.050049
2002-07-24,1290.22998
2002-07-25,1240.079956
2002-07-26,1262.119995
2002-07-29,1335.25
2002-07-30,1344.189941
2002-07-31,1328.26001
2002-08-01,1280.0
2002-08-02,1247.920044
2002-08-05,1206.01001
2002-08-06,1259.550049
2002-08-07,1280.900024
2002-08-08,1316.52002
2002-08-09,1306.119995
2002-08-12,1306.839966
2002-08-13,1269.280029
2002-08-14,1334.300049
2002-08-15,1345.01001
2002-08-16,1361.01001
2002-08-19,1394.540039
2002-08-20,1376.589966
2002-08-21,1409.25
2002-08-22,1422.949951
2002-08-23,1380.619995
2002-08-26,1391.73999
2002-08-27,1347.780029
2002-08-28,1314.380005
2002-08-29,1335.77002
2002-08-30,1314.849976
2002-09-03,1263.839966
2002-09-04,1292.310059
2002-09-05,1251.0
2002-09-06,1295.300049
2002-09-09,1304.599976
2002-09-10,1320.089966
2002-09-11,1315.449951
2002-09-12,1279.680054
2002-09-13,1291.400024
2002-09-16,1275.880005
2002-09-17,1259.939941
2002-09-18,1252.130005
2002-09-19,1216.449951
2002-09-20,1221.089966
2002-09-23,1184.930054
2002-09-24,1182.170044
2002-09-25,1222.290039
2002-09-26,1221.609985
2002-09-27,1199.160034
2002-09-30,1172.060059
2002-10-01,1213.719971
2002-10-02,1187.300049
2002-10-03,1165.560059
2002-10-04,1139.900024
2002-10-07,1119.400024
2002-10-08,1129.219971
2002-10-09,1114.109985
2002-10-10,1163.369995
2002-10-11,1210.469971
2002-10-14,1220.530029
2002-10-15,1282.439941
2002-10-16,1232.420044
2002-10-17,1272.290039
2002-10-18,1287.859985
2002-10-21,1309.670044
2002-10-22,1292.800049
2002-10-23,1320.22998
2002-10-24,1298.709961
2002-10-25,1331.130005
2002-10-28,1315.829956
2002-10-29,1300.540039
2002-10-30,1326.72998
2002-10-31,1329.75
2002-11-01,1360.699951
2002-11-04,1396.540039
2002-11-05,1401.170044
2002-11-06,1418.98999
2002-11-07,1376.709961
2002-11-08,1359.280029
2002-11-11,1319.189941
2002-11-12,1349.560059
2002-11-13,1361.329956
2002-11-14,1411.52002
2002-11-15,1411.140015
2002-11-18,1393.689941
2002-11-19,1374.51001
2002-11-20,1419.349976
2002-11-21,1467.550049
2002-11-22,1468.73999
2002-11-25,1481.900024
2002-11-26,1444.430054
2002-11-27,1487.939941
2002-11-29,1478.780029
2002-12-02,1484.780029
2002-12-03,1448.959961
2002-12-04,1430.349976
2002-12-05,1410.75
2002-12-06,1422.439941
2002-12-09,1367.140015
2002-12-10,1390.76001
2002-12-11,1396.589966
2002-12-12,1399.550049
2002-12-13,1362.420044
2002-12-16,1400.329956
2002-12-17,1392.050049
2002-12-18,1361.51001
2002-12-19,1354.099976
2002-12-20,1363.050049
2002-12-23,1381.689941
2002-12-24,1372.469971
2002-12-26,1367.890015
2002-12-27,1348.310059
2002-12-30,1339.540039
2002-12-31,1335.51001
2003-01-02,1384.849976
2003-01-03,1387.079956
2003-01-06,1421.319946
2003-01-07,1431.569946
2003-01-08,1401.069946
2003-01-09,1438.459961
2003-01-10,1447.719971
2003-01-13,1446.040039
2003-01-14,1460.98999
2003-01-15,1438.800049
2003-01-16,1423.75
2003-01-17,1376.189941
2003-01-21,1364.25
2003-01-22,1359.47998
2003-01-23,1388.27002
2003-01-24,1342.140015
2003-01-27,1325.27002
2003-01-28,1342.180054
2003-01-29,1358.060059
2003-01-30,1322.349976
2003-01-31,1320.910034
2003-02-03,1323.790039
2003-02-04,1306.150024
2003-02-05,1301.5
2003-02-06,1301.72998
2003-02-07,1282.469971
2003-02-10,1296.680054
2003-02-11,1295.459961
2003-02-12,1278.969971
2003-02-13,1277.439941
2003-02-14,1310.170044
2003-02-18,1346.540039
2003-02-19,1334.319946
2003-02-20,1331.22998
2003-02-21,1349.02002
2003-02-24,1322.380005
2003-02-25,1328.97998
2003-02-26,1303.680054
2003-02-27,1323.939941
2003-02-28,1337.52002
2003-03-03,1320.290039
2003-03-04,1307.77002
2003-03-05,1314.400024
2003-03-06,1302.890015
2003-03-07,1305.290039
2003-03-10,1278.369995
2003-03-11,1271.469971
2003-03-12,1279.23999
2003-03-13,1340.77002
2003-03-14,1340.329956
2003-03-17,1392.27002
2003-03-18,1400.550049
2003-03-19,1397.069946
2003-03-20,1402.77002
2003-03-21,1421.839966
2003-03-24,1369.780029
2003-03-25,1391.01001
2003-03-26,1387.449951
2003-03-27,1384.25
2003-03-28,1369.599976
2003-03-31,1341.170044
2003-04-01,1348.300049
2003-04-02,1396.719971
2003-04-03,1396.579956
2003-04-04,1383.51001
2003-04-07,1389.51001
2003-04-08,1382.939941
2003-04-09,1356.73999
2003-04-10,1365.609985
2003-04-11,1358.849976
2003-04-14,1384.949951
2003-04-15,1391.01001
2003-04-16,1394.719971
2003-04-17,1425.5
2003-04-21,1424.369995
2003-04-22,1451.359985
2003-04-23,1466.160034
2003-04-24,1457.22998
2003-04-25,1434.540039
2003-04-28,1462.23999
2003-04-29,1471.300049
2003-04-30,1464.310059
2003-05-01,1472.560059
2003-05-02,1502.880005
2003-05-05,1504.040039
2003-05-06,1523.709961
2003-05-07,1506.76001
2003-05-08,1489.689941
2003-05-09,1520.150024
2003-05-12,1541.400024
2003-05-13,1539.680054
2003-05-14,1534.900024
2003-05-15,1551.380005
2003-05-16,1538.530029
2003-05-19,1492.77002
2003-05-20,1491.089966
2003-05-21,1489.869995
2003-05-22,1507.550049
2003-05-23,1510.089966
2003-05-27,1556.689941
2003-05-28,1563.23999
2003-05-29,1574.949951
2003-05-30,1595.910034
2003-06-02,1590.75
2003-06-03,1603.560059
2003-06-04,1634.650024
2003-06-05,1646.01001
2003-06-06,1627.420044
2003-06-09,1603.969971
2003-06-10,1627.670044
2003-06-11,1646.02002
2003-06-12,1653.619995
2003-06-13,1626.48999
2003-06-16,1666.579956
2003-06-17,1668.439941
2003-06-18,1677.140015
2003-06-19,1648.640015
2003-06-20,1644.719971
2003-06-23,1610.75
2003-06-24,1605.609985
2003-06-25,1602.660034
2003-06-26,1634.01001
2003-06-27,1625.26001
2003-06-30,1622.800049
2003-07-01,1640.130005
2003-07-02,1678.72998
2003-07-03,1663.459961
2003-07-07,1720.709961
2003-07-08,1746.459961
2003-07-09,1747.459961
2003-07-10,1715.859985
2003-07-11,1733.930054
2003-07-14,1754.819946
2003-07-15,1753.209961
2003-07-16,1747.969971
2003-07-17,1698.02002
2003-07-18,1708.5
2003-07-21,1681.410034
2003-07-22,1706.099976
2003-07-23,1719.180054
2003-07-24,1701.420044
2003-07-25,1730.699951
2003-07-28,1735.359985
2003-07-29,1731.369995
2003-07-30,1720.910034
2003-07-31,1735.02002
2003-08-01,1715.619995
2003-08-04,1714.060059
2003-08-05,1673.5
2003-08-06,1652.680054
2003-08-07,1652.180054
2003-08-08,1644.030029
2003-08-11,1661.51001
2003-08-12,1687.01001
2003-08-13,1686.609985
2003-08-14,1700.339966
2003-08-15,1702.01001
2003-08-18,1739.48999
2003-08-19,1761.109985
2003-08-20,1760.540039
2003-08-21,1777.550049
2003-08-22,1765.319946
2003-08-25,1764.310059
2003-08-26,1770.650024
2003-08-27,1782.130005
2003-08-28,1800.180054
2003-08-29,1810.449951
2003-09-02,1841.47998
2003-09-03,1852.900024
2003-09-04,1868.969971
2003-09-05,1858.23999
2003-09-08,1888.619995
2003-09-09,1873.430054
2003-09-10,1823.810059
2003-09-11,1846.089966
2003-09-12,1855.030029
2003-09-15,1845.699951
2003-09-16,1887.25
2003-09-17,1883.099976
2003-09-18,1909.550049
2003-09-19,1905.699951
2003-09-22,1874.619995
2003-09-23,1901.719971
2003-09-24,1843.699951
2003-09-25,1817.23999
2003-09-26,1792.069946
2003-09-29,1824.560059
2003-09-30,1786.939941
2003-10-01,1832.25
2003-10-02,1836.219971
2003-10-03,1880.569946
2003-10-06,1893.459961
2003-10-07,1907.849976
2003-10-08,1893.780029
2003-10-09,1911.900024
2003-10-10,1915.310059
2003-10-13,1933.530029
2003-10-14,1943.189941
2003-10-15,1939.099976
2003-10-16,1950.140015
2003-10-17,1912.359985
2003-10-20,1925.140015
2003-10-21,1940.900024
2003-10-22,1898.069946
2003-10-23,1885.51001
2003-10-24,1865.589966
2003-10-27,1882.910034
2003-10-28,1932.26001
2003-10-29,1936.560059
2003-10-30,1932.689941
2003-10-31,1932.209961
2003-11-03,1967.699951
2003-11-04,1957.969971
2003-11-05,1959.369995
2003-11-06,1976.369995
2003-11-07,1970.73999
2003-11-10,1941.640015
2003-11-11,1930.75
2003-11-12,1973.109985
2003-11-13,1967.349976
2003-11-14,1930.26001
2003-11-17,1909.609985
2003-11-18,1881.75
2003-11-19,1899.650024
2003-11-20,1881.920044
2003-11-21,1893.880005
2003-11-24,1947.140015
2003-11-25,1943.040039
2003-11-26,1953.310059
2003-11-28,1960.26001
2003-12-01,1989.819946
2003-12-02,1980.069946
2003-12-03,1960.25
2003-12-04,1968.800049
2003-12-05,1937.819946
2003-12-08,1948.849976
2003-12-09,1908.319946
2003-12-10,1904.650024
2003-12-11,1942.319946
2003-12-12,1949.0
2003-12-15,1918.26001
2003-12-16,1924.290039
2003-12-17,1921.329956
2003-12-18,1956.180054
2003-12-19,1951.02002
2003-12-22,1955.800049
2003-12-23,1974.780029
2003-12-24,1969.22998
2003-12-26,1973.140015
2003-12-29,2006.47998
2003-12-30,2009.880005
2003-12-31,2003.369995
2004-01-02,2006.680054
2004-01-05,2047.359985
2004-01-06,2057.370117
2004-01-07,2077.679932
2004-01-08,2100.25
2004-01-09,2086.919922
2004-01-12,2111.780029
2004-01-13,2096.439941
2004-01-14,2111.129883
2004-01-15,2109.080078
2004-01-16,2140.459961
2004-01-20,2147.97998
2004-01-21,2142.449951
2004-01-22,2119.01001
2004-01-23,2123.870117
2004-01-26,2153.830078
2004-01-27,2116.040039
2004-01-28,2077.370117
2004-01-29,2068.22998
2004-01-30,2066.149902
2004-02-02,2063.149902
2004-02-03,2066.209961
2004-02-04,2014.140015
2004-02-05,2019.560059
2004-02-06,2064.01001
2004-02-09,2060.570068
2004-02-10,2075.330078
2004-02-11,2089.659912
2004-02-12,2073.610107
2004-02-13,2053.560059
2004-02-17,2080.350098
2004-02-18,2076.469971
2004-02-19,2045.959961
2004-02-20,2037.930054
2004-02-23,2007.52002
2004-02-24,2005.439941
2004-02-25,2022.97998
2004-02-26,2032.569946
2004-02-27,2029.819946
2004-03-01,2057.800049
2004-03-02,2039.650024
2004-03-03,2033.359985
2004-03-04,2055.110107
2004-03-05,2047.630005
2004-03-08,2008.780029
2004-03-09,1995.160034
2004-03-10,1964.150024
2004-03-11,1943.890015
2004-03-12,1984.72998
2004-03-15,1939.199951
2004-03-16,1943.089966
2004-03-17,1976.76001
2004-03-18,1962.439941
2004-03-19,1940.469971
2004-03-22,1909.900024
2004-03-23,1901.800049
2004-03-24,1909.47998
2004-03-25,1967.170044
2004-03-26,1960.02002
2004-03-29,1992.569946
2004-03-30,2000.630005
2004-03-31,1994.219971
2004-04-01,2015.01001
2004-04-02,2057.169922
2004-04-05,2079.120117
2004-04-06,2059.899902
2004-04-07,2050.23999
2004-04-08,2052.879883
2004-04-12,2065.47998
2004-04-13,2030.079956
2004-04-14,2024.849976
2004-04-15,2002.170044
2004-04-16,1995.73999
2004-04-19,2020.430054
2004-04-20,1978.630005
2004-04-21,1995.630005
2004-04-22,2032.910034
2004-04-23,2049.77002
2004-04-26,2036.77002
2004-04-27,2032.530029
2004-04-28,1989.540039
2004-04-29,1958.780029
2004-04-30,1920.150024
2004-05-03,1938.719971
2004-05-04,1950.47998
2004-05-05,1957.26001
2004-05-06,1937.73999
2004-05-07,1917.959961
2004-05-10,1896.069946
2004-05-11,1931.349976
2004-05-12,1925.589966
2004-05-13,1926.030029
2004-05-14,1904.25
2004-05-17,1876.640015
2004-05-18,1897.819946
2004-05-19,1898.170044
2004-05-20,1896.589966
2004-05-21,1912.089966
2004-05-24,1922.97998
2004-05-25,1964.650024
2004-05-26,1976.150024
2004-05-27,1984.5
2004-05-28,1986.73999
2004-06-01,1990.77002
2004-06-02,1988.97998
2004-06-03,1960.26001
2004-06-04,1978.619995
2004-06-07,2020.619995
2004-06-08,2023.530029
2004-06-09,1990.609985
2004-06-10,1999.869995
2004-06-14,1969.98999
2004-06-15,1995.599976
2004-06-16,1998.22998
2004-06-17,1983.670044
2004-06-18,1986.72998
2004-06-21,1974.380005
2004-06-22,1994.150024
2004-06-23,2020.97998
2004-06-24,2015.569946
2004-06-25,2025.469971
2004-06-28,2019.819946
2004-06-29,2034.930054
2004-06-30,2047.790039
2004-07-01,2015.550049
2004-07-02,2006.660034
2004-07-06,1963.430054
2004-07-07,1966.079956
2004-07-08,1935.319946
2004-07-09,1946.329956
2004-07-12,1936.920044
2004-07-13,1931.660034
2004-07-14,1914.880005
2004-07-15,1912.709961
2004-07-16,1883.150024
2004-07-19,1883.829956
2004-07-20,1917.069946
2004-07-21,1874.369995
2004-07-22,1889.060059
2004-07-23,1849.089966
2004-07-26,1839.02002
2004-07-27,1869.099976
2004-07-28,1858.26001
2004-07-29,1881.060059
2004-07-30,1887.359985
2004-08-02,1892.089966
2004-08-03,1859.420044
2004-08-04,1855.060059
2004-08-05,1821.630005
2004-08-06,1776.890015
2004-08-09,1774.640015
2004-08-10,1808.699951
2004-08-11,1782.420044
2004-08-12,1752.48999
2004-08-13,1757.219971
2004-08-16,1782.839966
2004-08-17,1795.25
2004-08-18,1831.369995
2004-08-19,1819.890015
2004-08-20,1838.02002
2004-08-23,1838.699951
2004-08-24,1836.890015
2004-08-25,1860.719971
2004-08-26,1852.920044
2004-08-27,1862.089966
2004-08-30,1836.48999
2004-08-31,1838.099976
2004-09-01,1850.410034
2004-09-02,1873.430054
2004-09-03,1844.47998
2004-09-07,1858.560059
2004-09-08,1850.640015
2004-09-09,1869.650024
2004-09-10,1894.310059
2004-09-13,1910.380005
2004-09-14,1915.400024
2004-09-15,1896.52002
2004-09-16,1904.079956
2004-09-17,1910.089966
2004-09-20,1908.069946
2004-09-21,1921.180054
2004-09-22,1885.709961
2004-09-23,1886.430054
2004-09-24,1879.47998
2004-09-27,1859.880005
2004-09-28,1869.869995
2004-09-29,1893.939941
2004-09-30,1896.839966
2004-10-01,1942.199951
2004-10-04,1952.400024
2004-10-05,1955.5
2004-10-06,1971.030029
2004-10-07,1948.52002
2004-10-08,1919.969971
2004-10-11,1928.76001
2004-10-12,1925.170044
2004-10-13,1920.530029
2004-10-14,1903.02002
2004-10-15,1911.5
2004-10-18,1936.52002
2004-10-19,1922.900024
2004-10-20,1932.969971
2004-10-21,1953.619995
2004-10-22,1915.140015
2004-10-25,1914.040039
2004-10-26,1928.790039
2004-10-27,1969.98999
2004-10-28,1975.73999
2004-10-29,1974.98999
2004-11-01,1979.869995
2004-11-02,1984.790039
2004-11-03,2004.329956
2004-11-04,2023.630005
2004-11-05,2038.939941
2004-11-08,2039.25
2004-11-09,2043.329956
2004-11-10,2034.560059
2004-11-11,2061.27002
2004-11-12,2085.340088
2004-11-15,2094.090088
2004-11-16,2078.620117
2004-11-17,2099.679932
2004-11-18,2104.280029
2004-11-19,2070.629883
2004-11-22,2085.189941
2004-11-23,2084.280029
2004-11-24,2102.540039
2004-11-26,2101.969971
2004-11-29,2106.870117
2004-11-30,2096.810059
2004-12-01,2138.22998
2004-12-02,2143.570068
2004-12-03,2147.959961
2004-12-06,2151.25
2004-12-07,2114.659912
2004-12-08,2126.110107
2004-12-09,2129.01001
2004-12-10,2128.070068
2004-12-13,2148.5
2004-12-14,2159.840088
2004-12-15,2162.550049
2004-12-16,2146.149902
2004-12-17,2135.199951
2004-12-20,2127.850098
2004-12-21,2150.909912
2004-12-22,2157.030029
2004-12-23,2160.620117
2004-12-27,2154.219971
2004-12-28,2177.189941
2004-12-29,2177.0
2004-12-30,2178.340088
2004-12-31,2175.439941
2005-01-03,2152.149902
2005-01-04,2107.860107
2005-01-05,2091.23999
2005-01-06,2090.0
2005-01-07,2088.610107
2005-01-10,2097.040039
2005-01-11,2079.620117
2005-01-12,2092.530029
2005-01-13,2070.560059
2005-01-14,2087.909912
2005-01-18,2106.040039
2005-01-19,2073.590088
2005-01-20,2045.880005
2005-01-21,2034.27002
2005-01-24,2008.699951
2005-01-25,2019.949951
2005-01-26,2046.089966
2005-01-27,2047.150024
2005-01-28,2035.829956
2005-01-31,2062.409912
2005-02-01,2068.699951
2005-02-02,2075.060059
2005-02-03,2057.639893
2005-02-04,2086.659912
2005-02-07,2082.030029
2005-02-08,2086.679932
2005-02-09,2052.550049
2005-02-10,2053.100098
2005-02-11,2076.659912
2005-02-14,2082.909912
2005-02-15,2089.209961
2005-02-16,2087.429932
2005-02-17,2061.340088
2005-02-18,2058.620117
2005-02-22,2030.319946
2005-02-23,2031.25
2005-02-24,2051.699951
2005-02-25,2065.399902
2005-02-28,2051.719971
2005-03-01,2071.25
2005-03-02,2067.5
2005-03-03,2058.399902
2005-03-04,2070.610107
2005-03-07,2090.209961
2005-03-08,2073.550049
2005-03-09,2061.290039
2005-03-10,2059.719971
2005-03-11,2041.599976
2005-03-14,2051.040039
2005-03-15,2034.97998
2005-03-16,2015.75
2005-03-17,2016.420044
2005-03-18,2007.790039
2005-03-21,2007.51001
2005-03-22,1989.339966
2005-03-23,1990.219971
2005-03-24,1991.060059
2005-03-28,1992.52002
2005-03-29,1973.880005
2005-03-30,2005.670044
2005-03-31,1999.22998
2005-04-01,1984.810059
2005-04-04,1991.069946
2005-04-05,1999.319946
2005-04-06,1999.140015
2005-04-07,2018.790039
2005-04-08,1999.349976
2005-04-11,1992.119995
2005-04-12,2005.400024
2005-04-13,1974.369995
2005-04-14,1946.709961
2005-04-15,1908.150024
2005-04-18,1912.920044
2005-04-19,1932.359985
2005-04-20,1913.76001
2005-04-21,1962.410034
2005-04-22,1932.189941
2005-04-25,1950.780029
2005-04-26,1927.439941
2005-04-27,1930.430054
2005-04-28,1904.180054
2005-04-29,1921.650024
2005-05-02,1928.650024
2005-05-03,1933.069946
2005-05-04,1962.22998
2005-05-05,1961.800049
2005-05-06,1967.349976
2005-05-09,1979.670044
2005-05-10,1962.77002
2005-05-11,1971.550049
2005-05-12,1963.880005
2005-05-13,1976.780029
2005-05-16,1994.430054
2005-05-17,2004.150024
2005-05-18,2030.650024
2005-05-19,2042.579956
2005-05-20,2046.420044
2005-05-23,2056.649902
2005-05-24,2061.620117
2005-05-25,2050.120117
2005-05-26,2071.23999
2005-05-27,2075.72998
2005-05-31,2068.219971
2005-06-01,2087.860107
2005-06-02,2097.800049
2005-06-03,2071.429932
2005-06-06,2075.76001
2005-06-07,2067.159912
2005-06-08,2060.179932
2005-06-09,2076.909912
2005-06-10,2063.0
2005-06-13,2068.959961
2005-06-14,2069.040039
2005-06-15,2074.919922
2005-06-16,2089.149902
2005-06-17,2090.110107
2005-06-20,2088.129883
2005-06-21,2091.070068
2005-06-22,2092.030029
2005-06-23,2070.659912
2005-06-24,2053.27002
2005-06-27,2045.199951
2005-06-28,2069.889893
2005-06-29,2068.889893
2005-06-30,2056.959961
2005-07-01,2057.370117
2005-07-05,2078.75
2005-07-06,2068.649902
2005-07-07,2075.659912
2005-07-08,2112.879883
2005-07-11,2135.429932
2005-07-12,2143.149902
2005-07-13,2144.110107
2005-07-14,2152.820068
2005-07-15,2156.780029
2005-07-18,2144.870117
2005-07-19,2173.179932
2005-07-20,2188.570068
2005-07-21,2178.600098
2005-07-22,2179.73999
2005-07-25,2166.73999
2005-07-26,2175.98999
2005-07-27,2186.219971
2005-07-28,2198.439941
2005-07-29,2184.830078
2005-08-01,2195.379883
2005-08-02,2218.149902
2005-08-03,2216.810059
2005-08-04,2191.320068
2005-08-05,2177.909912
2005-08-08,2164.389893
2005-08-09,2174.189941
2005-08-10,2157.810059
2005-08-11,2174.550049
2005-08-12,2156.899902
2005-08-15,2167.040039
2005-08-16,2137.060059
2005-08-17,2145.149902
2005-08-18,2136.080078
2005-08-19,2135.560059
2005-08-22,2141.409912
2005-08-23,2137.25
2005-08-24,2128.909912
2005-08-25,2134.370117
2005-08-26,2120.77002
2005-08-29,2137.649902
2005-08-30,2129.76001
2005-08-31,2152.090088
2005-09-01,2147.899902
2005-09-02,2141.070068
2005-09-06,2166.860107
2005-09-07,2172.030029
2005-09-08,2166.030029
2005-09-09,2175.51001
2005-09-12,2182.830078
2005-09-13,2171.75
2005-09-14,2149.330078
2005-09-15,2146.149902
2005-09-16,2160.350098
2005-09-19,2145.26001
2005-09-20,2131.330078
2005-09-21,2106.639893
2005-09-22,2110.780029
2005-09-23,2116.840088
2005-09-26,2121.459961
2005-09-27,2116.419922
2005-09-28,2115.399902
2005-09-29,2141.219971
2005-09-30,2151.689941
2005-10-03,2155.429932
2005-10-04,2139.360107
2005-10-05,2103.02002
2005-10-06,2084.080078
2005-10-07,2090.350098
2005-10-10,2078.919922
2005-10-11,2061.090088
2005-10-12,2037.469971
2005-10-13,2047.219971
2005-10-14,2064.830078
2005-10-17,2070.300049
2005-10-18,2056.0
2005-10-19,2091.23999
2005-10-20,2068.110107
2005-10-21,2082.209961
2005-10-24,2115.830078
2005-10-25,2109.449951
2005-10-26,2100.050049
2005-10-27,2063.810059
2005-10-28,2089.879883
2005-10-31,2120.300049
2005-11-01,2114.050049
2005-11-02,2144.310059
2005-11-03,2160.219971
2005-11-04,2169.429932
2005-11-07,2178.23999
2005-11-08,2172.070068
2005-11-09,2175.810059
2005-11-10,2196.679932
2005-11-11,2202.469971
2005-11-14,2200.949951
2005-11-15,2186.73999
2005-11-16,2187.929932
2005-11-17,2220.459961
2005-11-18,2227.070068
2005-11-21,2241.669922
2005-11-22,2253.560059
2005-11-23,2259.97998
2005-11-25,2263.01001
2005-11-28,2239.370117
2005-11-29,2232.709961
2005-11-30,2232.820068
2005-12-01,2267.169922
2005-12-02,2273.370117
2005-12-05,2257.639893
2005-12-06,2260.76001
2005-12-07,2252.01001
2005-12-08,2246.459961
2005-12-09,2256.72998
2005-12-12,2260.949951
2005-12-13,2265.0
2005-12-14,2262.590088
2005-12-15,2260.629883
2005-12-16,2252.47998
2005-12-19,2222.73999
2005-12-20,2222.419922
2005-12-21,2231.659912
2005-12-22,2246.48999
2005-12-23,2249.419922
2005-12-27,2226.889893
2005-12-28,2228.939941
2005-12-29,2218.159912
2005-12-30,2205.320068
